,likecounts,name,message
1,4,帝國牛排館,"帝國牛排館屬友善餐廳之一，點餐方式採單點或是套餐方式販售，復古老美式風格裝潢的餐廳，圓弧狀的設計裝潢，低調奢華的擺飾突顯了帝國牛排館的氣勢，在情人耳邊輕聲也細語的呢喃，今夜的你是如此美味。
完整圖文>>http://shps89060328.pixnet.net/blog/post/41506183"
2,2,鍋媽媽,"台北好吃火鍋推薦 鍋媽媽 牛奶鍋超好吃&豬肉必點 暖冬鍋物呼呼吃!(有菜單)
完整圖文>>http://shps89060328.pixnet.net/blog/post/41494849"
3,5,麻辣鴨血,"窩客島主題報導披露文章【一起踩街趣！台北溫泉季雙十登場 北投美食必吃推薦！】NEW!
北投捷運 新北投麻辣 麻辣鴨血 麻而不辣的快感!
北投泡完湯再來上一碗~阿~~斯 ~~這就是人生阿!!! <3

《延伸閱讀》
麻辣鴨血→http://shps89060328.pixnet.net/blog/post/39751543
水美溫泉會館→http://shps89060328.pixnet.net/blog/post/39749257"
4,5,炙酒食廚房,"《上班這黨事》披露東區店家 「炙 酒食廚房」
http://shps89060328.pixnet.net/blog/post/41250847"
5,4,台北西華飯店,"【台北 美食】
旭蟹 帝王蟹火鍋 海鮮蓋飯加調酒 一次吃個包肥!!!
http://www.paulyear.com/blog/post/391639052

台北西華飯店 B-one自助餐
地址：台北市松山區民生東路三段111號B1
電話：02-2718-1188  02-2713-0707"
6,5,職人燒肉丼店鋪,"【台北美食】職人燒肉丼店鋪好吃的燒肉丼.這不分享還是人嗎?(忠孝復興站)
輕輕戳破溫泉蛋.流瀉而出閃耀誘人的蛋汁
http://nana960701.pixnet.net/blog/post/393380123"
7,4,九品蓮花鍋,"九品蓮花鍋X野菜吃到飽X友善餐廳
http://shps89060328.pixnet.net/blog/post/41400160"
8,4,摸摸貓咖啡館,"(文末優惠)摸摸貓咖啡館 momocatcafe 錢錢愛摸摸X早午餐下午茶甜蜜約會
http://shps89060328.pixnet.net/blog/post/41461579"
9,3,添好運台灣1號店,"【台北美食】添好運台灣1號店(香港米其林一星港式點心)
http://nana960701.pixnet.net/blog/post/384286511
外皮酥脆又鬆軟.甜甜的.奶香較濃郁.融合色澤光潤偏點橘紅色的叉燒內餡.一入口 一股淡淡的蜜汁香氣
"
10,9,台北抹茶店,"台北吃喝玩樂讚：台北抹茶店哪裡找？趕緊來瞧瞧攻略！
http://design-forces.blogspot.com/2014/09/matcha.html"
11,5,小川台灣居酒館,"信義區美食 <U+25BA>小川台灣居酒館 

結合 台灣熱炒 x 四川香鍋

目前試營運階段的小川
待10中正式開幕後，會有100坪用餐空間和102個用餐坐位

下次去威秀看電影或平時聚會
別忘了有不一樣的熱炒店、居酒館可以選擇!

http://clairetila.pixnet.net/blog/post/392514995
附上菜單給大家參考

台北市松壽路20號
(02)2723-2005"
12,5,海人,"【台北美食】海人在西門算是頗具知名的丼飯，交通環境地利之便，無論是看完電影前後享用，還是突然好想吃個生魚丼飯，都可以在海人刺身丼飯專賣店滿足味蕾，大飽口福；這餐是電影渴望首映當天去吃的，入店後幸好還有位置，我們點了鮭魚親子丼和海人招牌丼~滿滿的豐富用料 <3
http://shps89060328.pixnet.net/blog/post/41437246
"
13,2,阿圖麻油雞,"【台北捷運美食】阿圖麻油雞.來台北你不可不吃的名店(金佳美食/總店)
http://nana960701.pixnet.net/blog/post/392004395
麻油雞湯.清甜麻油的湯頭.伴隨著淡淡酒香.若是冷颼颼的天氣.喝上一口熱呼呼的湯.一定混身暖洋洋
"
14,6,中華一餅,"【台北車站美食】中華一餅 媽手滷肉捲
顛覆潤餅傳統新吃法
http://nana960701.pixnet.net/blog/post/388338320"
15,5,嘉新大樓,"在郵局吃飯!? 噗~~在如此低調沒有華麗招牌的嘉新大樓內居然有家平價簡餐，推出的餐點為套餐型式，除了主餐還有每日例湯、糙米養身飯、3樣青菜、飲品200吃的到~沒有人帶還很難發現他耶!
http://shps89060328.pixnet.net/blog/post/41427766"
16,3,愛新覺羅,"就是今天耶!價值580元的牛板腱~
愛新覺羅 原味•御藏酒食九月份好康護照，每天都會提供一道免費的餐點贈送喔!
想知道師傅的烤功有多厲害嗎?
http://w20770.pixnet.net/blog/post/43835719"
17,9,東一排骨總店,"【台北美食】在老式華麗舞廳裡吃排骨飯 喝蛋蜜汁 別有風味喔!
http://www.paulyear.com/blog/post/389848871

東一排骨總店
地址：台北市中正區延平南路61號2樓
電話：02-2381-1487
營業時間：09:30-20:30(周一公休)"
18,7,甜蜜王國,"【台北美食】信義區百貨雖然美食很多，
不過'甜蜜王國""可以一次吃到15家甜點倒是創舉喔!!
全部共有近千道甜點，甜點控們快來挑戰吧!!

http://w20770.pixnet.net/blog/post/43948243"
19,8,九品蓮花鍋,"【台北美食】曼妙的蓮花花瓣盛開在火鍋中，微加幸福的熱氣，將櫻之田野養生野菜鍋的九品蓮花鍋香氣發揮至極致，淡雅清香溫柔舒活，一瓣瓣一湯匙加入養身野草包一同燉煮，清爽健康的蔬食原來也能如此好吃!

櫻之田野養生野菜鍋
地址:台北市松山區南京東路五段318號1樓
電話:02-2748-6931
營業時間:週一至週日11:30~14:30 17:30~22:00"
20,5,瓦崎燒烤火鍋,"【台北美食】瓦崎的燒肉食材首推極品牛五花和韓式醬燒牛，另外火鍋採鴛鴦鍋可以選兩種湯頭，豆腐和麻辣鴨血皆有入味喔!!冰淇淋有哈根達斯和明治，燒烤的食材種類很多，火鍋料相對較少~燒烤火鍋生啤酒通通吃到飽!是一間很適合三五好友夯肉的地方~

瓦崎燒烤火鍋敦南店
地址:台北市大安區敦化南路一段160巷60號
電話:02-27525099
營業時間:
週一到週四上午11:30-凌晨00:00
週五到週六上午11:30-凌晨01:00
週日上午11:30-凌晨00:00"
21,14,大福燒肉,"【台北美食】中秋節大家都想烤肉，但我更愛在燒肉店家坐著等服務，位在大安區的大福燒肉，嚴選的好肉質，不用多餘的調味就能品嚐出原味，光看就讓人口水直流！

店名：大福燒肉
地址：台北市大安區仁愛路四段345巷4弄45號1樓
電話：02-2751-5509"
22,7,宸料理頂級日式料理,"【台北美食】宸料理頂級日式料理~焗烤明蝦&握壽司好吃!刺身組合生魚片的斷面呈現亮的紋理，魚肉細緻甘甜，可以充分體會到生魚片的旨味與甜味! 餐點還不錯，但服務品質還有改善的空間。來看看無菜單料理的菜色吧!

地址:台北市信義區基隆路一段159號B1
電話:02-27657688
營業時間:週一至週六 12:00-14:00 18:00-22:00
每週日公休"
23,8,旬采壽司,"板橋•江子翠 隱藏巷弄中的日本料理•旬采壽司

旬采壽司
地　　址：新北市板橋區文聖街56號 
電　　話：02 2253 4030
營業時間：12:00pm - 14:30pm, 15:30 pm - 22:00 pm (周一休)"
24,5,光點華山珈琲時光,"【台北美食】來華山欣賞電影作文青，也不忘悠閒享用營養輕食

光點華山珈琲時光
地址：台北市八德路一段1號(華山文創園區中六電影館)
電話：02-2394-0670"
25,22,木銅蔬,"【台北美食】好吃推薦 
木銅蔬 韓國野菜烤肉/壽司 日韓料理雙享受 
CP值高烤肉&鮭魚親子丼好吃推薦! 

木銅蔬 韓國野菜烤肉/壽司

營業時間:週一 - 週日: 17:00 - 2:00
地址:台北市中山區吉林路145號
電話:(02)25311039"
26,11,歐華酒店地中海牛肋排館,"一段時間就要來回味的夢幻甜點 還是吃到飽的喔!

歐華酒店 地中海牛肋排館

地址：台北市中山區林森北路646號
電話：02-2585-3258

自助下午茶時間：每週六日 14:30~17:00"
27,6,鬼椒小火鍋,"【台北美食】除了香氣十足過癮的麻辣口味之外，鬼椒小火鍋也推出了不同的創意鍋底和口味耶!有特色的個人式火鍋且通過SGS認證~吃起來更安心；辛香麻辣火鍋強強滾，推薦特色鍋底松子雞肉好好吃 <3 

營業時間:週一至週日 早上11:00至凌晨01:00
地址:新北市板橋區雙十路二段166號
訂位電話:(02)2253-6333
江子翠站四號出口50公尺"
28,11,HoneyCreme蜂巢冰淇淋,"Honey Creme 蜂巢冰淇淋人氣紅不讓.據說少女時代-太妍以及Super Junior-希澈很喜歡吃

店名：Honey Creme 蜂巢冰淇淋
營業時間：11:30~21:30,周末 11:30~22:30
電話：02-2740-7070
地址：台北市敦化南路一段169巷8號D室(從台北捷運忠孝敦化站步行約10分)"
29,4,開飯川食堂,"翻滾吧!肥腸--滷過的肥腸.內嫩外軟的杏胞菇 辣只麻嘴不辣喉.而且那個辣.會不斷在嘴巴裡翻滾.挑戰你的麻辣極限.蒜頭已經料理到沒有刺鼻辛辣的蒜頭味.甜甜的像栗子一樣.

開飯川食堂(京站店)
電話:02-2556-5788  
地址:台北市大同區承德路一段1號B3F(京站Qsquare)"
30,8,DoubleLike雙倍喜歡,"雙倍喜歡貓咪餐廳開幕於2013年10月份，其英文名直譯Double Like，位於車水馬龍的台北市大同區鄰近中山捷運站，前往十分方便和快速，現役有兩位貓店長分別是小摩和黑糖(都是男生)，滿滿的貓咪擺飾，身為貓奴的朋友千萬不要錯過喔!

Double Like 雙倍喜歡

電話:(02)2552-7819
地址:台北市大同區南京西路18巷6號2樓
貓咪餐廳/希臘風/義式料理 價格帶200-300"
31,10,TAN炭燒牛舌,"牛舌底部鋪上一層高麗菜絲及蔥花..二來也可以吸收到蔬菜的香味

TAN炭燒牛舌(微風台北車站店)
電話:02-2361-8000(記得用餐時間要先訂位.不然現場要等30分鐘)
地址:台北市中正區北平西路3號2F
營業時間:AM10:00~22:00"
32,5,大佳牛雜湯,"內湖在地人推薦的小吃店！乾麵超好吃的拉！！

大佳牛雜湯
地　　址：114台北市內湖區康寧路一段108號
電　　話：02 2790 1493
營業時間：10:00~20:30"
33,10,LuvinCrepes樂芙軟式可麗餅,"軟式熱酥餅皮 榛果巧克力 香煎牛肉 士林夜市新美食
Luv in Crepes 樂芙軟式可麗餅

地址：台北市士林區安平街(陽明戲院右邊巷子第二間)
電話：0976-674-088

營業時間：15:00 - 23:00
(另供應士林內湖區大份量下午茶外送服務)"
34,10,微風建一食堂,"微風建一食堂，是我朋友七訪過的一間日式餐廳，七訪耶！是有沒有這麼厲害！！！

微風建一食堂
地　　址：台北市中山區八德路二段300巷10號 捷運忠孝復興站2號出口步行約10~12分
電　　話：02-8772-2178 
營業時間：周二~週日PM12:00~PM3:00 PM6:00~PM11:30 每星期一公休"
35,16,YES牛排洋食,"【YES牛排洋食(瘋牛排)】
CP值超高牛排吃到飽~牛排。雞腿排。豬排。魷魚無限加點
均一價390元！不收服務費！超划算！

電話：02-2998-7033
地址： 新北市新莊區中正路254號
營業時間：AM11:00~PM2:00、PM5:00~PM9:00，例假日全天營業"
36,20,添好運,"新聞都在播來自香港蟬聯六年的米其林星級港式飲茶，就是這間在台北火車站附近的「添好運TimHoWan」港式茶點！

添好運(米其林一星港點)
地　　址：台北市中正區忠孝西路一段36號 (捷運台北車站 M8 出口)
電　　話：02-2370-7078
營業時間：12:00~21:00
官方網站：www.timhowan.com.tw"
37,14,火龍島極品火鍋,"台北東區CP值超高海鮮超威麻辣鍋！火龍島極品火鍋吃到飽！可選兩種口味鴛鴦鍋，肉品現切，自助區應有盡有~海鮮、青菜、飲料、啤酒、冰淇淋、蛋糕...通通有!!!

火龍島極品火鍋
電話：02-2776-3680
地址： 台北市大安區復興南路一段107巷34號 
價位與營業時間:
平日午餐$439(11:30am~16:00pm)
平日晚餐$499(16:00pm~01:00am)
例假日$499(11:30am~01:00am)
以上需另加一成服務費"
38,8,FocusKitchen肯恩廚房,"牛肉培根漢堡一口咬下去，麵包、美生菜、酸黃瓜、培根、起司、漢堡肉、杏包菇，在嘴裡混再一起的感覺超滿足的拉！！

Focus Kitchen 肯恩廚房
地    址：台北市信義路二段198巷6號
電    話：02-23957917
營業時間：星期一~星期日/ 9:00~23:00 (點餐時間至22:00)"
39,6,思慕昔本館二樓,"炙熱的夏天，氣溫真的高到令人受不了，所以在曬著毒辣辣太陽的午後，最享受的莫非就是來上一碗極度冰涼透澈的冰了！

思慕昔 本館二樓
地　　址：台北市大安區永康街15號2F
電　　話：+886-2-2395-8770
營業時間：12:00~21:00
官方網站：http://www.smoothie.com.tw/"
40,9,福氣韓國炸雞,"原味酥脆炸雞.炸雞外衣酥脆到不行.
沾點甘醬 不止微微鹹香還帶點酸酸甜甜蒜味濃.
【福氣韓國炸雞】 <U+CE58><U+D0A8><U+C778><U+BCF5> Chicken in Bok & Beer
營業時間週日~週四17:30~01:00週五~週六17:30~02:00 公休:週二
電話:02-2570-8811 
地址:台北市松山區市民大道四段149號(從忠孝敦化站1號出口) 
內用規則:請靠外排隊(馬路)
下午5點半前會有服務人員詢問並登記內用顧客的資料.
外帶規則:請靠落"
41,10,日式愛好燒紅葉,"日式愛好燒加上半熟玉子 真是太銷魂了~

日式愛好燒紅葉
地址：台北市中正區晉江街18巷18弄4號
電話：02-2368-8223"
42,5,武吉屋台,"晴光市場裡有新店面出現！

武吉屋台 <U+3044><U+3089><U+3063><U+3057><U+3083><U+3044><U+307E><U+305B>
地　　址：台北市中山區農安街18-2號
電　　話：0962-008-598
營業時間：11:00am - 12:00am
不加收服務費、晚上七點後串燒場才開放訂位"
43,7,鐵板懷石染乃井,"今天是星期五~好開心喔~準備享受週末，帶家人去品嚐細緻美味的懷石料理吧！台北美食鐵板懷石染乃井 somenoi，仿彿置身日本，日本精緻懷石料理和食台灣也嚐得到！

鐵板懷石染乃井

電話:02-2521-5860
地點:台北市中山區南京東路一段31巷6號1樓
營業時間: 午餐 12:00~14:00;晚餐 18:00~22:00"
44,8,大老爺私房菜,"南瓜裹上了粉醬，下鍋炸得酥脆，吃起來南瓜內軟外表酥脆還帶點沙沙的口感、微甜，才發現原來是炸過還有再和鹹蛋黃及蔥花一起拌炒，而鹹蛋黃就製造了那沙沙的感覺，haha...是不是看得連你們也想嚐嚐看這味道了呢 :)))?

大老爺私房菜
地　　址：台北市長春路348號之6
電　　話：02-2716-0317
營業時間：11:00~14:00  17:00~21:00
部落格：http://bigmaster.pixnet.net/blog"
45,4,西華飯店美式頂級漢堡餐台北西華飯店,"西華飯店美式頂級漢堡餐POP-UP快閃概念店
暑假到了，這也表示夏日炎炎的『厭』陽天也來了~我真的很討厭夏天，不過夏天還是有些小確幸，例如吃冰超爽，喝冰涼的啤酒也有瞬間的清涼快感。這個厭陽天想要啤酒、可樂、薯條、韓式炸雞吃到飽嗎？西華飯店現在兩人同行價只要880元(外加一成服務費)，就可以吃到美式頂級大漢堡(每人一款)、與薯條、韓式炸雞、可樂啤酒、調酒吃到飽等享受，真的有划算喔！而且漢堡真的是紮紮實實的雙層牛肉排漢堡，肉塊厚實又多汁，超好吃！不過這是快閃活動，所以為期只有7/1~8/31號兩個月而已，活"
46,6,和魚酒菜,"【和魚酒菜】
象山線 信義安和站
地址：台北市大安區敦化南路二段81巷55號
電話：(02) 2708-9758
 
精緻有特色的日式料理，生魚片的吃法也可以很義式唷!!"
47,6,三多屋爸爸嘴,"【三多屋爸爸嘴】
份量大碗 生魚片厚切 如果沒有很講究食材的細緻度 想吃到超值大份量的話可以來試看看喔: )

地址: 台北市大同區太原路19號(華陰街口)
電話: (02)2555-7708
營業時間: 週二到週日11:00-20:00 (週一休息)"
48,9,御野燒炭火燒肉,"今天晚上衝燒肉如何?? 醬子厲害!!夏天就是燒肉的季節，準備好大啖美食了嗎!?桃園中壢美食御野燒炭火燒肉，燒烤吃到飽有桌邊服務，特色在於肉類選擇性多加上海鮮新鮮好吃，還有特調的烤肉刷醬很厲害，加上有桌邊服務真的很優!

御野燒炭火燒肉

地址:320桃園縣中壢市環中東路776-2號
電話:(03)4563456
服務時間:11:00–14:30, 16:30–23:00"
49,6,PatisserieSadaharuAOKIparis旗艦店,"超大型馬卡龍！少女心怎麼能不大開∼

Patisserie Sadaharu AOKI paris 旗艦店 
地　　址：台北市中山北路2段41號B2 晶華酒店B2 (Google map)
電　　話：(02)2511-5000 
營業時間：10:30~21:30 無休 
Facebook：https://www.facebook.com/SadaharuAOKIParisTAIWAN"
50,10,笑居樂食,"平價日式料理，商業午餐199~289元，每套午餐共有七道餐點，而且還不收服務費唷!

笑居樂食
地址：新北市新店區順安街85號
電話：(02)2910-9958
營業時間：
星期一 11:30~14:30、17:30~00:30
星期三~星期日 11:30~14:30、17:30~00:30"
51,9,高樂鐵板料理,"高樂鐵板料理&小高玉迴轉壽司(南港經貿店)
整體來說這間店的食材不錯很新鮮 處理烹調方式也很細緻
醋飯Q彈比例剛好 不會過甜和鹹 簡直是醋飯界的黃金比例!!
但好吃誘人的幾乎都是黑盤(120元)!!
厚我們光黑盤就點了七盤了>< 真的是大失血 但真的好好吃阿!!

地址: 台北市南港區經貿二路66-2號1樓(南港展覽館捷運站附近)
電話: (02)2786-8077
營業時間: :11:30-14:00 17:30-22:00"
52,6,20鍋,"20鍋店內除了主鍋之外:白飯、麵、冬粉、王子麵、汽水飲料還有冰淇淋都是無限享用的，
雲南特有美食有著獨門香料新食感~在台灣也能吃得到摟!

20鍋

地址:台北市大安區信義路三段75-1號
電話:02-2709-2200

營業時間:
週一至週五 12:00~14:00，17:30~22:00
週六至週日 12:00~22:00"
53,10,台北西華飯店,"台北西華飯店 B-one自助餐漢堡節

活動日期：2014.07.01~08.31
供應時間：每周一至周五午餐和晚餐，周六日下午茶時段。
價格：兩人同行880元+10%

地址：台北市松山區民生東路三段111號B1
電話：02-2718-1188  02-2713-0707"
54,12,大和日本料理,"炸蝦天婦羅！！！大和日本料理的蝦子大到咬起來是超扎實的口感噢！

大和日本料理（錦州店）
地址：台北市中山區錦州街17號1樓
電話：(02)2531-7786
營業時間 : AM 11:00 ~ PM 2:00；PM 5:00 ~ PM 11:00"
55,13,box巴克斯手工蛋餅專賣店,"酥脆蛋餅皮與高麗菜餡料搭配相當有飽足感，搭上店家自製小魚乾辣椒，越吃越涮嘴!
【box巴克斯手工蛋餅專賣店】
地址：台北市松山區八德路三段121號之4
電話：(02)2578-1010、0972-003-955
營業時間：星期一~星期五 7:00~19:30
　　　　　　　星期六       7:00~17:00"
56,10,飯BAR,"【飯BAR】
地址：台北市內湖區內湖路1段360巷2號Taipei, Taiwan
時間：週一 - 週日11:30 - 22:00

飯BAR 是一間創意料理，店裡的菜名也都相當的俏皮，推薦菜色為醬滷肥腸十八彎，先滷過再烹的大腸相當的入味，雖然有一點辛辣，但是單吃也是很OK的，不會死鹹，相當軟Q =D"
57,11,美好年代,"【美好年代Belle Epoque-小美好】 板南線 忠孝復興站

在哪裡：台北市大安路一段51巷16號
來訂位：(02)2776-1278

美好年代最出名的就是珍珠奶茶鬆餅和OREO鬆餅塔啦!
如果覺得總店人多難訂位，小美好不失為個好選擇
除了甜點外，鹹食也很不錯!"
58,9,馥陽鍋貼水餃,"寧夏夜市馥陽鍋貼水餃 酥脆鍋貼大推薦!!
用酥脆外皮的鍋貼趕走周一Blue Monday吧!位於雙連捷運站一號出口附近的寧夏夜市，一直是上班族打牙祭，觀光客來逗熱鬧的好所在，好多美食和小吃!! <3

馥陽鍋貼水餃
103台灣台北市大同區寧夏路26-2號"
59,5,丸壽司,"【丸壽司】
丸壽司的食材新鮮，醋飯比例還不錯，一直是微風廣場的人氣迴轉壽司店!! 愛吃壽司的朋友可以試試喔 : )

地址: 台北市松山區復興南路一段39號(微風廣場B1美食街)
電話: (02)6600-8888 #8816
營業時間: 週日-週三 11:00-21:30 週四-週六 11:00-22:00"
60,6,登登廚房,"邪惡無比的香濃起司 緩緩流下 光看就讓人口水直流
店名:登登廚房
營業時間:(週一公休)
週二~週五AM11:00~PM15:30 PM17:30~21:00
週六.週日AM11:00~PM21:00
電話:02-2903-1081
地址:新北市泰山區貴子路61號"
61,9,SecondFloorCafe貳樓微風台北車站,"周末最幸福的時刻，就是可以來一大盤豐盛的早午餐 ^_^

Second Floor Cafe 貳樓 微風台北車站
地　　址：台北市北平西路3號 (台北車站2樓) 
電　　話：(02)2361-0861
營業時間：10:00~22:00"
62,4,台北東區蒙古紅蒙古火鍋蒙古紅蒙古火鍋,"【台北東區*蒙古紅蒙古火鍋】
CP值超高海鮮超威之蒙古紅蒙古火鍋吃到飽！
打卡(按暫留言)可享以下優惠
2人同行免收服務費，3人同行八折優惠，4人同行一人免費

電話：02-2731-5656
地址：台北市大安區光復南路280巷42號
消費資訊：平日中午450元，晚餐及假日550元，加一成服務費
營業時間：早上11:30~凌晨12:00(周一中午公休，下午五點開始營業)"
63,7,新美式景觀餐廳NightFever,"在找可以看世足比賽的餐廳嗎？不妨考慮看看店內有大電視，位在陽明山上的 夜店•新美式景觀餐廳 Night Fever。

夜。店 新美式景觀餐廳 Night Fever
地　　址：台北市士林區東山路25巷81弄88號
電　　話：02-2861-9859
營業時間：Mon - Thu: 5:00 pm - 3:00 am 
　　　　　Fri: 5:00 pm - 5:00 am 
　　　　　Sat: 2:00 pm - 5:00 am 
　　　　　Sun: 2:00 pm - 3:00 am"
64,6,Fami霜淇淋,"夏至前的芒果霜淇淋饗宴 阿一一這次終於跟到了

門市查詢：http://210.64.137.202/marketing/inquiry.aspx
左側定服務項目查詢勾選Fami 霜淇淋，
即可查詢出有販售霜淇淋的門市。"
65,6,淡水滬尾豆花店,"最近早上出的大太陽~真的會想天天來一碗豆花啊!

店名：淡水滬尾豆花店
地址：新北市淡水區英專路21巷9號
電話：02-2622-7936"
66,3,畏公長生麻辣鍋,"即使夏天到了，還是可以吃麻辣鍋的！

畏公長生麻辣鍋
地　　址：台北市松山區南京東路4段45號1樓
電　　話：(02)8770-6111
營業時間：11:30~23:00"
67,4,天空之橋,"夏雨微濕的天氣最適合來鍋壽喜燒了~位於捷運中山站2號出口旁的天空之橋，有溫馨的氛圍和舒適的用餐環境，價格平實東西好吃喔!

L'arcobaleno 天空之橋
營業時間
週一公休 
週二 - 週日: 11:30 - 22:00

02-2541-5983 
台北市中山區中山北路二段42巷36號"
68,5,TartineBakeryTaipei,"位於台北東區的Tartine Bakery 
提供許多法式甜點，很適合女孩們去下午茶唷! 

Tartine Bakery Taipei <U+2665> 捷運板南線 忠孝敦化站)
在哪裡：台北市安和路一段49巷13-1號
來訂位：(02)2778-8831"
69,3,雅力根坊,"效想很久的士林蛋糕老店，終於趁團購吃到了
店名：雅力根坊
地址：台北市士林區中山北路五段511號
電話：02-2880-3147"
70,2,采吉軒紅豆專門店,"店家每日新鮮熬煮的紅豆，每一顆都相當飽滿綿密，這次吃到季節限定的抹茶紅豆冰還有搭配一大球的明治抹茶冰淇淋呢!!!
店名：采吉軒紅豆專門店
電話：(02)2592-4929
地址：台北市大同區哈密街103號"
71,3,UncleLaymen雷蒙叔叔,"漢堡界的101之無敵巨無霸漢堡！
有三層漢堡肉和兩層雞腿排!!再搭配滿滿的薯條！超飽！
店名：Uncle Laymen 雷蒙叔叔 
電話：02-2517-7684
地址：台北市中山區松江路313巷1號(捷運行天宮三號出口)"
72,7,新莊牛肉大王,"10/1食尚玩家.來去住一晚-美食控出動！新莊板橋手到擒來！
 其中一家是nana媽曾經介紹過新莊牛肉大王
(文章內附10/1介紹的所有店家資訊)
食記:http://nana960701.pixnet.net/blog/post/56038621"
73,3,新九九牛肉麵,"台北五股美食 新九九牛肉麵得獎牛肉麵 
好湯頭&讚岐寬麵條
http://shps89060328.pixnet.net/blog/post/41432638"
74,7,UncleTetsu'sCheesecake,"【台北車站美食】Uncle Tetsu's Cheese cake人氣紅不讓<U+2764>徹思叔叔的店.現烤起司蛋糕
http://nana960701.pixnet.net/blog/post/391565657
這是連續假期.返鄉排隊購買火車票的人潮嗎?
NO!NO!NO!NO.大家都是為了Uncle Tetsu's Cheese Cake而來"
75,5,桐精緻石頭火鍋,"【台北美食】桐精緻石頭火鍋吃到飽是賞帝王蟹(玉鑫)新品牌，位於捷運松江南京站附近，最近也有被報章雜誌報導喔~主打螃蟹和活蝦吃到飽，澎派海鮮搭上胡麻油熱鍋後爆香洋蔥蒜末的石頭火鍋，綜合海鮮盤真的~~好~~大一盆阿!!!推薦給愛吃海鮮的朋友!

地址:台北市大同區建國北路一段72號
電話:02-2507-2111"
76,5,"小川台灣居酒館
","信義區美食 小川台灣居酒館 

結合 台灣熱炒 x 四川香鍋

目前試營運階段的小川
待10中正式開幕後，會有100坪用餐空間和102個用餐坐位

下次去威秀看電影或平時聚會
別忘了有不一樣的熱炒店、居酒館可以選擇!

http://clairetila.pixnet.net/blog/post/392514995
附上菜單給大家參考

台北市松壽路20號
(02)2723-2005"
77,8,鈺善閣．素．養生懷石,"經常大魚大肉的生活，偶爾也會想回歸健康養生的蔬食。
為自己安排一天，吃素~吃草!
來到鈺善閣享受天然、健康、精緻、美味的素食料理。

將新鮮蔬果及養生食材以懷石料理作呈現，
推翻我們對於素菜的刻板印象
一場視覺味覺都驚艷的用餐享受~就此綻放!!

【鈺善閣．素．養生懷石】  板南線 善島寺站
在哪裡：台北市中正區北平東路14號
來訂位：(02) 2394-5155"
78,6,長崎強棒麵,"炭火牛燒肉強棒麵--碗裡面擺滿不少.高麗菜、豆芽菜、紅蘿蔔、洋蔥、玉米粒..等等蔬菜及尖如小山的燒肉.是不是看起來很營養呢

長崎強棒麵-微風台北車站店官網:http://www.ringerhut.com.tw/
地址:台北市中正區北平西路3號2F(微風台北車站2F)
營業時間:AM10:00~PM22:00
電話:02-2311-9480(暫不開放訂位)"
79,15,築地平價日本料理,"【築地平價日本料理】
這裡的招牌生魚片蓋飯超級無敵平價只要100元!!
生魚片新鮮油花均勻CP值高，一盤份量十足，芝麻冷醋飯非常特別，味噌湯非常清甜魚肉彈牙，真的非常推薦愛吃生魚片的朋友一定要來試試拉!!

地址: 台北市信義區崇德街7號(捷運六張犁站出口處附近 )
電話: 0961-301-986
營業時間: 12:00-14:00  17:00-21:30"
80,7,通記牛肉粉麵,"嚐過湯頭呈金黃色的牛肉麵嗎？
吃過難以忘懷、超軟嫩黃金炸豆腐嗎？
就在中山區晴光商圈裡的通記牛肉粉麵噢！

通記牛肉粉麵
地　　址： 台北市中山區雙城街13巷11之1號
電　　話：02 2597 3063
營業時間：11：30 ~ 14：30、17：00 ~ 21：20"
81,14,SukiYa,"不用飛到日本也能吃到SukiYa 平價牛丼

SukiYa-古亭店 
地址：台北市中正區羅斯福路二段50號(捷運古亭站旁7號出口) 
電話：02-23584169 
營業時間：07:00-23:00
(何時24小時開始營業以SukiYa公告為準)"
82,9,笑居樂食,"平價日式料理，商業午餐199~289元，每套午餐共有七道餐點，而且還不收服務費唷!

笑居樂食
地址：新北市新店區順安街85號
電話：(02)2910-9958
營業時間：
星期一 11:30~14:30、17:30~00:30
星期三~星期日 11:30~14:30、17:30~00:30"
83,17,三朵花炭火燒肉,"喜歡吃生蠔嗎?這間燒烤店有新鮮生吃的生蠔、12oz牛排、韓式料理、火鍋吃到飽唷!!!另外壽星可以免費用餐唷!
店名：三朵花炭火燒肉●鍋物
電話：(02)2312-3336
地址：台北市萬華區峨眉街84號"
84,30,士官長酸菜白肉鍋,"【士官長酸菜白肉鍋】
http://carriewang.pixnet.net/blog/post/44040958 (請點連結)

秋天是吃鍋的季節，這間位於路邊攤的《士官長酸菜白肉鍋》已經被媒體報導很多次了，每個人只要花 $300元就可以吃的很飽，而且小菜還是依時令而出的隨機版，每次吃到的都不太一樣！
這天同行的朋友特別喜愛他們家的獅子頭和涮豬肉，我個人則是比較歡韭菜盒子，想吃的人記得要事先訂位哦！

士官長酸菜白肉鍋
地址：台中市北區陝西路72號
電話：0988-104380"
85,28,好菇豬軟骨湯,"【台中 家 溫度 湯專門店】
 http://www.orange-dog.com/2014/10/blog-post_11.html
 (請點連結)
 天冷了,來碗熱呼呼的暖和好湯!就在台中向上市場裡!
 在這邊麵包與飯都是配角,只有湯品是各種扮相的主角
 牛肋條燉湯 好菇豬軟骨湯或墨西哥辣肉湯都是紮實好喝!
 雖然價格高了些..不過環境是舒服的..心是暖的!

◎地址：台中市西區公正路222號
◎電話：04-23010802
◎營業時間：11:00Am-08:30Pm"
86,28,墨西哥辣肉湯,"【台中 家 溫度 湯專門店】
 http://www.orange-dog.com/2014/10/blog-post_11.html
 (請點連結)
 天冷了,來碗熱呼呼的暖和好湯!就在台中向上市場裡!
 在這邊麵包與飯都是配角,只有湯品是各種扮相的主角
 牛肋條燉湯 好菇豬軟骨湯或墨西哥辣肉湯都是紮實好喝!
 雖然價格高了些..不過環境是舒服的..心是暖的!

◎地址：台中市西區公正路222號
◎電話：04-23010802
◎營業時間：11:00Am-08:30Pm"
87,28,牛肋條燉湯,"【台中 家 溫度 湯專門店】
 http://www.orange-dog.com/2014/10/blog-post_11.html
 (請點連結)
 天冷了,來碗熱呼呼的暖和好湯!就在台中向上市場裡!
 在這邊麵包與飯都是配角,只有湯品是各種扮相的主角
 牛肋條燉湯 好菇豬軟骨湯或墨西哥辣肉湯都是紮實好喝!
 雖然價格高了些..不過環境是舒服的..心是暖的!

◎地址：台中市西區公正路222號
◎電話：04-23010802
◎營業時間：11:00Am-08:30Pm"
88,23,逢甲Light&Salt光和鹽平價義大利麵專賣,"【逢甲Light & Salt光和鹽平價義大利麵專賣】
http://design-forces.blogspot.com/2014/10/light.html
義大利麵的部分雖然也不錯，但不是太大的重點，豬排才是必點的，老闆開這家店的用意不是在於賺錢，而是希望獲得更多客人笑容的成就感，主要族群為逢甲學生居多，店內的辣椒也是個人覺得必加的。

地址：台中市西屯區文華路138巷19號
電話：0910-343-217"
89,34,丼飯定食,"【東海鮮魚道】
原文心路和南屯路交口喜多樂迴轉壽司改為日式平價丼飯定食，強調食材天然新鮮，白飯、湯、熱茶無限取用，生魚片新鮮美味，想嘗鮮的朋友記得早點才不用排隊唷~
文章食記：http://qvicky0528.pixnet.net/blog/post/394162457
電話：04-2238-5748
地址：台中市南屯區南屯路二段342號
營業時間：週一 - 週日: 11:00 - 14:00 、 17:00 - 21:00"
90,27,慶東大閘蟹農場,"【慶東大閘蟹農場】台中清水，看煙火前可以去一下喔!
http://niniblue.pixnet.net/blog/post/188265582
活跳跳的螃蟹被十字固定後，放入鍋中原味清蒸，新鮮的螃蟹就是要清蒸才能吃出他的色。香。味，吼吼~~邊剝的時候蟹黃蟹膏就不斷冒出，這時嘴巴要迅速吸吮精華，甜美滋味伴隨著超濃郁的螃蟹香就深刻留在口腔內，活蟹清蒸沒有腥味，微淡的鹹、深厚的蟹膏帶點甜，濃郁無比，到回到家之後還能感受到蟹膏甜美的香味
Google地圖直接搜尋【慶東大閘蟹】就可找到
地址:台中市清水區中山路與中華北路交叉口(萊爾富對面馬路)
營業時間:大閘蟹盛產期(10月~11月底)
可用餐和農場體驗的時間:11:00~19:00(用餐必須事先預約)
電話:0910-567872或0912-369927"
91,40,兩班家韓式燒烤,"【10/10-10/12 1600隻紙熊貓快閃來到台中歌劇院】
台中這週除了國慶煙火以外還有週末限定展出熊貓大軍
不要錯過了!!附近還有好吃的地方可以去悠閒飽足一下喔!
快點揪朋友一起育拍拍照吃吃喝喝過國慶週末!(BRT新光三越站可到)

【兩班家韓式燒烤 新光三越】
http://blue19cheese.pixnet.net/blog/post/106042517
【印月創意東方宴│月之芙】
http://www.orange-dog.com/2013/10/blog-post_7.html
【<U+51EA>Nagi豚骨拉麵 台中豚王 TigerCity老虎城】
http://www.orange-dog.com/2014/05/nagi-tigercity.html
【鼎泰豐•台中大遠百店】
http://www.orange-dog.com/2012/04/blog-post_4.html
【鳥窩窩私房菜 台中大遠百】
http://carriewang.pixnet.net/blog/post/38723501
【afternoon tea 義大利麵 甜點 台中大遠百】
http://blue19cheese.pixnet.net/blog/post/87700893
【GB鮮釀啤酒餐廳】
http://sunry59.pixnet.net/blog/post/96722453
【丸龜製麵 讚岐烏龍麵 新光三越】
http://www.orange-dog.com/2014/06/bq.html
【饗食天堂自助百匯 大遠百│台中店】
http://www.orange-dog.com/2013/07/blog-post_25.html
【AGIO Chocolates巧克力專賣店 甜點外帶必吃】
http://www.orange-dog.com/2011/08/agio-chocolates.html
【阿秋大肥鵝】
http://www.orange-dog.com/2012/05/blog-post_22.html"
92,40,印月創意東方宴,"【10/10-10/12 1600隻紙熊貓快閃來到台中歌劇院】
台中這週除了國慶煙火以外還有週末限定展出熊貓大軍
不要錯過了!!附近還有好吃的地方可以去悠閒飽足一下喔!
快點揪朋友一起育拍拍照吃吃喝喝過國慶週末!(BRT新光三越站可到)

【兩班家韓式燒烤 新光三越】
http://blue19cheese.pixnet.net/blog/post/106042517
【印月創意東方宴│月之芙】
http://www.orange-dog.com/2013/10/blog-post_7.html
【<U+51EA>Nagi豚骨拉麵 台中豚王 TigerCity老虎城】
http://www.orange-dog.com/2014/05/nagi-tigercity.html
【鼎泰豐•台中大遠百店】
http://www.orange-dog.com/2012/04/blog-post_4.html
【鳥窩窩私房菜 台中大遠百】
http://carriewang.pixnet.net/blog/post/38723501
【afternoon tea 義大利麵 甜點 台中大遠百】
http://blue19cheese.pixnet.net/blog/post/87700893
【GB鮮釀啤酒餐廳】
http://sunry59.pixnet.net/blog/post/96722453
【丸龜製麵 讚岐烏龍麵 新光三越】
http://www.orange-dog.com/2014/06/bq.html
【饗食天堂自助百匯 大遠百│台中店】
http://www.orange-dog.com/2013/07/blog-post_25.html
【AGIO Chocolates巧克力專賣店 甜點外帶必吃】
http://www.orange-dog.com/2011/08/agio-chocolates.html
【阿秋大肥鵝】
http://www.orange-dog.com/2012/05/blog-post_22.html"
93,40,台中豚王,"【10/10-10/12 1600隻紙熊貓快閃來到台中歌劇院】
台中這週除了國慶煙火以外還有週末限定展出熊貓大軍
不要錯過了!!附近還有好吃的地方可以去悠閒飽足一下喔!
快點揪朋友一起育拍拍照吃吃喝喝過國慶週末!(BRT新光三越站可到)

【兩班家韓式燒烤 新光三越】
http://blue19cheese.pixnet.net/blog/post/106042517
【印月創意東方宴│月之芙】
http://www.orange-dog.com/2013/10/blog-post_7.html
【<U+51EA>Nagi豚骨拉麵 台中豚王 TigerCity老虎城】
http://www.orange-dog.com/2014/05/nagi-tigercity.html
【鼎泰豐•台中大遠百店】
http://www.orange-dog.com/2012/04/blog-post_4.html
【鳥窩窩私房菜 台中大遠百】
http://carriewang.pixnet.net/blog/post/38723501
【afternoon tea 義大利麵 甜點 台中大遠百】
http://blue19cheese.pixnet.net/blog/post/87700893
【GB鮮釀啤酒餐廳】
http://sunry59.pixnet.net/blog/post/96722453
【丸龜製麵 讚岐烏龍麵 新光三越】
http://www.orange-dog.com/2014/06/bq.html
【饗食天堂自助百匯 大遠百│台中店】
http://www.orange-dog.com/2013/07/blog-post_25.html
【AGIO Chocolates巧克力專賣店 甜點外帶必吃】
http://www.orange-dog.com/2011/08/agio-chocolates.html
【阿秋大肥鵝】
http://www.orange-dog.com/2012/05/blog-post_22.html"
94,40,鼎泰豐,"【10/10-10/12 1600隻紙熊貓快閃來到台中歌劇院】
台中這週除了國慶煙火以外還有週末限定展出熊貓大軍
不要錯過了!!附近還有好吃的地方可以去悠閒飽足一下喔!
快點揪朋友一起育拍拍照吃吃喝喝過國慶週末!(BRT新光三越站可到)

【兩班家韓式燒烤 新光三越】
http://blue19cheese.pixnet.net/blog/post/106042517
【印月創意東方宴│月之芙】
http://www.orange-dog.com/2013/10/blog-post_7.html
【<U+51EA>Nagi豚骨拉麵 台中豚王 TigerCity老虎城】
http://www.orange-dog.com/2014/05/nagi-tigercity.html
【鼎泰豐•台中大遠百店】
http://www.orange-dog.com/2012/04/blog-post_4.html
【鳥窩窩私房菜 台中大遠百】
http://carriewang.pixnet.net/blog/post/38723501
【afternoon tea 義大利麵 甜點 台中大遠百】
http://blue19cheese.pixnet.net/blog/post/87700893
【GB鮮釀啤酒餐廳】
http://sunry59.pixnet.net/blog/post/96722453
【丸龜製麵 讚岐烏龍麵 新光三越】
http://www.orange-dog.com/2014/06/bq.html
【饗食天堂自助百匯 大遠百│台中店】
http://www.orange-dog.com/2013/07/blog-post_25.html
【AGIO Chocolates巧克力專賣店 甜點外帶必吃】
http://www.orange-dog.com/2011/08/agio-chocolates.html
【阿秋大肥鵝】
http://www.orange-dog.com/2012/05/blog-post_22.html"
95,40,鳥窩窩私房菜,"【10/10-10/12 1600隻紙熊貓快閃來到台中歌劇院】
台中這週除了國慶煙火以外還有週末限定展出熊貓大軍
不要錯過了!!附近還有好吃的地方可以去悠閒飽足一下喔!
快點揪朋友一起育拍拍照吃吃喝喝過國慶週末!(BRT新光三越站可到)

【兩班家韓式燒烤 新光三越】
http://blue19cheese.pixnet.net/blog/post/106042517
【印月創意東方宴│月之芙】
http://www.orange-dog.com/2013/10/blog-post_7.html
【<U+51EA>Nagi豚骨拉麵 台中豚王 TigerCity老虎城】
http://www.orange-dog.com/2014/05/nagi-tigercity.html
【鼎泰豐•台中大遠百店】
http://www.orange-dog.com/2012/04/blog-post_4.html
【鳥窩窩私房菜 台中大遠百】
http://carriewang.pixnet.net/blog/post/38723501
【afternoon tea 義大利麵 甜點 台中大遠百】
http://blue19cheese.pixnet.net/blog/post/87700893
【GB鮮釀啤酒餐廳】
http://sunry59.pixnet.net/blog/post/96722453
【丸龜製麵 讚岐烏龍麵 新光三越】
http://www.orange-dog.com/2014/06/bq.html
【饗食天堂自助百匯 大遠百│台中店】
http://www.orange-dog.com/2013/07/blog-post_25.html
【AGIO Chocolates巧克力專賣店 甜點外帶必吃】
http://www.orange-dog.com/2011/08/agio-chocolates.html
【阿秋大肥鵝】
http://www.orange-dog.com/2012/05/blog-post_22.html"
96,40,義大利GB鮮釀啤酒餐廳,"【10/10-10/12 1600隻紙熊貓快閃來到台中歌劇院】
台中這週除了國慶煙火以外還有週末限定展出熊貓大軍
不要錯過了!!附近還有好吃的地方可以去悠閒飽足一下喔!
快點揪朋友一起育拍拍照吃吃喝喝過國慶週末!(BRT新光三越站可到)

【兩班家韓式燒烤 新光三越】
http://blue19cheese.pixnet.net/blog/post/106042517
【印月創意東方宴│月之芙】
http://www.orange-dog.com/2013/10/blog-post_7.html
【<U+51EA>Nagi豚骨拉麵 台中豚王 TigerCity老虎城】
http://www.orange-dog.com/2014/05/nagi-tigercity.html
【鼎泰豐•台中大遠百店】
http://www.orange-dog.com/2012/04/blog-post_4.html
【鳥窩窩私房菜 台中大遠百】
http://carriewang.pixnet.net/blog/post/38723501
【afternoon tea 義大利麵 甜點 台中大遠百】
http://blue19cheese.pixnet.net/blog/post/87700893
【GB鮮釀啤酒餐廳】
http://sunry59.pixnet.net/blog/post/96722453
【丸龜製麵 讚岐烏龍麵 新光三越】
http://www.orange-dog.com/2014/06/bq.html
【饗食天堂自助百匯 大遠百│台中店】
http://www.orange-dog.com/2013/07/blog-post_25.html
【AGIO Chocolates巧克力專賣店 甜點外帶必吃】
http://www.orange-dog.com/2011/08/agio-chocolates.html
【阿秋大肥鵝】
http://www.orange-dog.com/2012/05/blog-post_22.html"
97,40,阿秋大肥鵝,"【10/10-10/12 1600隻紙熊貓快閃來到台中歌劇院】
台中這週除了國慶煙火以外還有週末限定展出熊貓大軍
不要錯過了!!附近還有好吃的地方可以去悠閒飽足一下喔!
快點揪朋友一起育拍拍照吃吃喝喝過國慶週末!(BRT新光三越站可到)

【兩班家韓式燒烤 新光三越】
http://blue19cheese.pixnet.net/blog/post/106042517
【印月創意東方宴│月之芙】
http://www.orange-dog.com/2013/10/blog-post_7.html
【<U+51EA>Nagi豚骨拉麵 台中豚王 TigerCity老虎城】
http://www.orange-dog.com/2014/05/nagi-tigercity.html
【鼎泰豐•台中大遠百店】
http://www.orange-dog.com/2012/04/blog-post_4.html
【鳥窩窩私房菜 台中大遠百】
http://carriewang.pixnet.net/blog/post/38723501
【afternoon tea 義大利麵 甜點 台中大遠百】
http://blue19cheese.pixnet.net/blog/post/87700893
【GB鮮釀啤酒餐廳】
http://sunry59.pixnet.net/blog/post/96722453
【丸龜製麵 讚岐烏龍麵 新光三越】
http://www.orange-dog.com/2014/06/bq.html
【饗食天堂自助百匯 大遠百│台中店】
http://www.orange-dog.com/2013/07/blog-post_25.html
【AGIO Chocolates巧克力專賣店 甜點外帶必吃】
http://www.orange-dog.com/2011/08/agio-chocolates.html
【阿秋大肥鵝】
http://www.orange-dog.com/2012/05/blog-post_22.html"
98,40,饗食天堂自助百匯,"【10/10-10/12 1600隻紙熊貓快閃來到台中歌劇院】
台中這週除了國慶煙火以外還有週末限定展出熊貓大軍
不要錯過了!!附近還有好吃的地方可以去悠閒飽足一下喔!
快點揪朋友一起育拍拍照吃吃喝喝過國慶週末!(BRT新光三越站可到)

【兩班家韓式燒烤 新光三越】
http://blue19cheese.pixnet.net/blog/post/106042517
【印月創意東方宴│月之芙】
http://www.orange-dog.com/2013/10/blog-post_7.html
【<U+51EA>Nagi豚骨拉麵 台中豚王 TigerCity老虎城】
http://www.orange-dog.com/2014/05/nagi-tigercity.html
【鼎泰豐•台中大遠百店】
http://www.orange-dog.com/2012/04/blog-post_4.html
【鳥窩窩私房菜 台中大遠百】
http://carriewang.pixnet.net/blog/post/38723501
【afternoon tea 義大利麵 甜點 台中大遠百】
http://blue19cheese.pixnet.net/blog/post/87700893
【GB鮮釀啤酒餐廳】
http://sunry59.pixnet.net/blog/post/96722453
【丸龜製麵 讚岐烏龍麵 新光三越】
http://www.orange-dog.com/2014/06/bq.html
【饗食天堂自助百匯 大遠百│台中店】
http://www.orange-dog.com/2013/07/blog-post_25.html
【AGIO Chocolates巧克力專賣店 甜點外帶必吃】
http://www.orange-dog.com/2011/08/agio-chocolates.html
【阿秋大肥鵝】
http://www.orange-dog.com/2012/05/blog-post_22.html"
99,83,雙魚2次方,"【雙魚2次方】(歡迎轉貼分享) 
全文：http://blog.yam.com/fbmax0623/article/79346383
台南頗具盛名的雙魚2次方，8月悄悄整間店喬遷至一中商圈週邊，濃湯的用料大方，手工造型漢堡可愛又療癒，牛肉和豬肉皆為店家自己手打，漢堡肉的肉汁噴的很誇張，口感細緻相當紮實，驚聲尖叫堡更是讓人驚訝，多達四層，有牛豬雞魚肉，依舊好吃，國慶連假即將開始，可以搭配附近的景點來個輕旅行囉！

地址：台中市北區育才北路8號
電話：04-22251188、0982-670109
營業時間：AM11:30-PM3:00、PM5:30-PM9:30"
100,37,阿杜皇家泰式料理,"【大台中】阿杜皇家泰式料理
請點http://niniblue.pixnet.net/blog/post/188161401
沙鹿好吃夠味的泰式料理，多間包廂用餐兼具隱私，老闆來自泰國娶了台灣老婆，將道地的泰國菜也帶入台灣，兼具泰式口味的酸辣，但又能配合台灣人的口味!值得推薦的好料理!連長輩都吃得滿意!尤其是那羅望子果汁，讓人意猶未竟!
地址:台中市沙鹿區中山路378巷53-1號(近光華路)
訂位電話:04-2662-2761"
101,24,台中wifi餐廳,"【台中wifi餐廳】風尚人文咖啡館無線上網之文心店
http://design-forces.blogspot.com/2014/10/wifi.html
要搜尋一家可以吃晚餐，又可以辦公談事情的地方真的有點難找，問了好多人後，最後才在萬能的FB上，找到一家有提供無線上網的風尚人文咖啡館，聽說這是一家老的連鎖店了，不論在新竹、彰化、嘉義、雲林或是台中都有他的蹤跡。

地址：台中市西屯區文心路三段111號
電話：04-23170482"
102,32,冬瓜青茶,"【Tea's原味茶飲】(歡迎轉貼分享) 
全文：http://blog.yam.com/fbmax0623/article/79702934
從嘉義起家的Tea's原味茶飲，原來台中也有分店，這次跟一群好友來嚐鮮，台中目前有六間分店，這次是來松竹店，一共喝了5款飲品，整體來說都不錯，特別推薦葡萄柚綠茶和冬瓜青茶，葡萄柚綠茶酸甜清爽好喝，冬瓜青茶mix在一起不會過甜，建議喝無糖或微糖即可，有路過的朋友可以買來喝看看唷！

地址：台中市北屯區松竹路二段113號
電話：04-22490999
營業時間：AM10:00-PM10:30"
103,32,葡萄柚綠茶,"【Tea's原味茶飲】(歡迎轉貼分享) 
全文：http://blog.yam.com/fbmax0623/article/79702934
從嘉義起家的Tea's原味茶飲，原來台中也有分店，這次跟一群好友來嚐鮮，台中目前有六間分店，這次是來松竹店，一共喝了5款飲品，整體來說都不錯，特別推薦葡萄柚綠茶和冬瓜青茶，葡萄柚綠茶酸甜清爽好喝，冬瓜青茶mix在一起不會過甜，建議喝無糖或微糖即可，有路過的朋友可以買來喝看看唷！

地址：台中市北屯區松竹路二段113號
電話：04-22490999
營業時間：AM10:00-PM10:30"
104,32,橘子狗,"【橘子狗-台中 雞可雞啤 韓式炸雞專賣】
http://www.orange-dog.com/2014/10/95.html
(請點連結)
在逢甲夜市文華路上悄悄出現這麼家韓式炸雞店..
經典的紅黑雙醬炸雞酸甜帶辣的酥脆多汁美味讓人喜歡..
還有隱藏版香辣雞爪根本噴火級辣味..
別忘記來杯燒酒或啤酒才是絕配!!(嗝~!!!)

◎地址：台中市西屯區文華路20-7號
◎電話：04-2452-7009
◎營業時間：05:00Pm-01:00Am"
105,32,韓式炸雞店,"【橘子狗-台中 雞可雞啤 韓式炸雞專賣】
http://www.orange-dog.com/2014/10/95.html
(請點連結)
在逢甲夜市文華路上悄悄出現這麼家韓式炸雞店..
經典的紅黑雙醬炸雞酸甜帶辣的酥脆多汁美味讓人喜歡..
還有隱藏版香辣雞爪根本噴火級辣味..
別忘記來杯燒酒或啤酒才是絕配!!(嗝~!!!)

◎地址：台中市西屯區文華路20-7號
◎電話：04-2452-7009
◎營業時間：05:00Pm-01:00Am"
106,32,隱藏版香辣雞爪,"【橘子狗-台中 雞可雞啤 韓式炸雞專賣】
http://www.orange-dog.com/2014/10/95.html
(請點連結)
在逢甲夜市文華路上悄悄出現這麼家韓式炸雞店..
經典的紅黑雙醬炸雞酸甜帶辣的酥脆多汁美味讓人喜歡..
還有隱藏版香辣雞爪根本噴火級辣味..
別忘記來杯燒酒或啤酒才是絕配!!(嗝~!!!)

◎地址：台中市西屯區文華路20-7號
◎電話：04-2452-7009
◎營業時間：05:00Pm-01:00Am"
107,67,老芋仔芋圓,"【老芋仔芋圓】 (歡迎轉貼分享)
全文：http://blog.yam.com/fbmax0623/article/79211243
位於大坑的老芋仔芋圓，開的時間不久，但人氣卻很夯，旁邊還有停車場，點了份綜合芋圓，料多豐盛，芋頭是用大甲的，煮得綿綿鬆鬆，香濃的芋頭香，味道剛好且好吃，芋圓和蕃薯圓Q彈有勁，其他配料也很不錯，吃完果然沒讓人失望，難怪深受不少人的喜愛呢！

地址：台中市北屯區東山路一段408-2號
電話：04-22395289
營業時間：AM9:00-PM10:00"
108,66,日式煎餃餐館,"【有喜屋Ukiya日式煎餃餐館】
9月9日新開幕的居酒屋-有喜屋Ukiya日式煎餃餐館~源自日本的技術傳承~首創以煎餃為賣點~還有多樣的日式和風美食~等您來品嚐~

電話:04-22543898
地址:台中市公益路二段612-2號(永春東七路口)
營業時間:1730-2300(周一公休)
全文連結:http://csj10202.pixnet.net/blog/post/188108610"
109,24,熱狗,"【詹記擔擔麵】
食記：http://carriewang.pixnet.net/blog/post/43939858 (請點連結)

永興街也是台中美食小吃林立的一條街，這間擔擔麵其實很樸實，但每到用餐時間總是吸引一堆人潮…
而且呀！大家知道逢甲知名的熱狗嘛！？大家都很好奇為什麼不賣了？因為老闆頂下這間麵攤之後""做不復來""只好把熱狗攤收了呀！

詹記擔擔麵
地址：台中市北區永興街124號
電話：無"
110,50,將將燒,"【將將燒】
面度明天的Blue Monday，決定來怒吃豪華級海鮮丼，藏在美村路的巷弄中，有一間丼飯專賣店，盡賣的是新鮮海鮮所拼製成華麗丼飯，小小的空間卻是熱鬧非凡，真的好符合日式的風格，推薦給大家。(歡迎轉貼分享)
文章連結：http://jason123455.pixnet.net/blog/post/187597611
營業時間：AM 11:30~14:30，PM 17:30~21:30(週一公休)
地址：台中市美村路一段236巷3號
電話：04-2305-0695"
111,36,牛奶鍋,"【這個鍋】
南區復興路上新開小火鍋，湯頭濃郁料多實在，起司牛奶鍋看到起司緩緩融化超開心~雖然新開店還有許多小細節需要更加油，但還是想吃小火鍋時的不錯新選擇唷!
文章連結：http://qvicky0528.pixnet.net/blog/post/393215714
電話：04-2261-2291
地址：台中市南區復興路二段16號
營業時間：11:00-23:00"
112,30,本壽司,"〔台中 本壽司〕
 http://www.orange-dog.com/2014/09/blog-post_27.html?m=0
 （請點連結）
 在太原路綠園道邊隱密的外觀有紮實師傅的手藝
 環境高雅清幽，握壽司卻價位平實，
 隱藏限定無菜單料理更是精彩
 每道都是師傅用心製作的精緻口味！
 不過要事先預訂嘿！

◎地址：台中市北區太原路二段175號 
◎電話：04-22354080
◎營業時間：11:00Am-00:00Am 
◎消費提醒：無店休,但02:00Pm-05:00Pm只收預約客,建議無菜單料理事先預約"
113,3,將將燒,"https://www.facebook.com/jiangjiangshao?fref=ts
將將燒日式料理~
好吃的丼飯~堅持新鮮~!
電話：04-2305-0695
地址：台中市西區美村路一段236巷3號 (近向上北路)
營業時間：1130-1430  1730-2100

"
114,64,懶人包,"【台中懶人包】(歡迎轉貼分享)
全文：http://blog.yam.com/fbmax0623/article/74485950

不知不覺又到了10月了，有想到要吃什麼嗎?! 
這裡有我整理的懶人包供大家參考唷！希望對大家有幫助∼
有義大利麵、披薩、牛排、火鍋、異國料理等(10月更新)"
115,36,台中懶人包,"【台中南區冰店】大墩11街小豬滾雪花
http://design-forces.blogspot.com/2014/09/ice.html
這邊價位的感覺都很平價，大約40~70之間，環境還OK，只是店內有點熱。"
116,48,曉明湯包,"【台中北區早餐店】凌晨也有開的曉明湯包
http://design-forces.blogspot.com/2014/09/126.html
曉明湯包位於北區漢口路上，聽說營業時間是從凌晨三點多就開始了，這家店還蠻好找的，外面有著醒目的招牌，想錯過也很難。

地址：台中市北區漢口路二段235
號電話：04-23124790"
117,58,橘子狗,"【橘子狗-走進花生漫畫 史努比Snoopy65週年巡迴特展 台中】
 http://www.orange-dog.com/2014/09/snoopy65.html
 (請點聯結)
 從小陪伴我們長大的史努比與查理布朗來了∼走過半世紀的世界經典漫畫也來台中了∼趕緊揪團出發啦!!
 文末還附上十位部落客推薦周邊好吃美食店喔!!

◎地址：台中市西屯區天保街60號 
◎電話：04-23582271 
◎展覽時間：10:00Am-06:00Pm(05:30Pm為最後進場)
◎展覽期間：2014年9月27日到2014年11月30日止
◎票價資訊：全票250元、優惠票220元、團體票200元
 ◎交通資訊：有收費停車場,或搭BRT至中港新城站下車步行約13分鐘抵達"
118,40,印月創意東方宴,"【印月創意東方宴】
http://carriewang.pixnet.net/blog/post/43970128 (請點連結)

很多人都對印月的烤鴨餐很有印象，其實他們家下午茶也滿推的哦！環境非常寬敞大器舒適，而且上官網列印優惠券的話可以打9折還附飲料，和姐妹淘可以談心一個下午，是一直很值得再回訪的餐廳…^^

印月創意東方宴
地址：台中市西屯區市政北一路168號
電話：(04)2251-1155"
119,32,提拉米蘇,"【橘子狗-台中 DOUZI 城市豆子 忠太西站】
http://www.orange-dog.com/2014/09/douzi.html
(請點聯結)
午后走進忠太西綠園道邊的職人咖啡館..
它們提供了一個靜謐的咖啡旅行空間..
一杯啡橙勿擾享受糖脆與酒醺的醇苦交融..
意外出色的提拉米蘇與貝禮詩的成熟搭配讓人喜愛!
最後收尾的秘魯莊園豆譜出味蕾的層次旅行..
很推薦有興趣的人過來嘗嘗!

◎地址：台中市北區忠太西路71號
 ◎電話：04-2208-0818 
◎營業時間：09:30Am-06:00Pm"
120,42,何首烏雞湯,"【湯藝術•老爺下麵】
大里新開了一間充滿故事的小餐館，店長是學平面設計，副店長是學室內設計，在玩笑之間夢想開始發酵。老闆利用鏡頭記錄了開店的歷程，彷彿是攝影藝廊般，店內餐點注重養生，何首烏雞湯甚至是請醫院專業人員調配而成，值得你來造訪喔!(歡迎轉貼分享)
http://jason123455.pixnet.net/blog/post/187282155
營業時間：11:30~14:30,17:30~20:30(週一公休)
地址：台中市大里區益民路二段378號
電話：04-2487-0060"
121,32,牛小排堡,"【艾可先生漢堡】
艾可漢堡新產品，達拉斯牛小排堡!一個牛排堡居然還有粉紅色澤和嫩度!重點是，現在只要$200就能吃到!!商業午餐只要$149，還免服務費!!每次進入艾可一定是撐著肚子出來!平價消費，物超所值的享受!
http://niniblue.pixnet.net/blog/post/187399704

勤美店:台中市向上北路137號(草悟道巷弄)，04-23029599
一中店:台中市北區一中街101號，04-22253778"
122,55,串燒居酒屋,"【吳留手串燒居酒屋】
台北超知名的吳留手串燒，在台中也有店囉。超愛它們的培根捲鮮干貝、一夜干午仔魚啊！喜愛吃日式串燒的朋友們，千萬不能錯過這美味啊！

連結：http://abrabbit.com/wuliushou/

店名：吳留手串燒居酒屋
地址：台中市西區中興街111號
電話：04-23028611
營業時間：17:30-01:00
公休日：禮拜一"
123,19,橘子狗,"〔橘子狗-台中 華泰咖啡〕
 http://www.orange-dog.com/2014/09/18.html?m=0
 （請點聯結）
 一杯嚐盡繁華起落的老咖啡
 在台中中區巷弄默默走過三十年的老咖啡店。
 台中曼巴咖啡的創始店
 多少人在這邊相識、相戀。
 這天下午晃進巷弄走了進去
 原來賣的不只是咖啡<U+22EF>還有老闆會說著關於這個城區的老故事

◎地址：台中市中區三民路二段18巷32號(近民權路)
◎電話：04-22240011
◎營業時間：10:00Am-09:00Pm"
124,51,日本料理餐廳,"【台中日本料理餐廳+居酒屋懶人包攻略】
來來來…秋天是吃日本料理的好時節，小編整理了一篇由台中23位部落客推薦的日本料理餐廳+居酒屋懶人包攻略，喜歡日式料理的人一定要看過來，人生得意需盡歡…

文章：http://carriewang.pixnet.net/blog/post/43955488 (請點連結)"
125,24,裕元花園酒店,"【裕元花園酒店映景觀餐廳】
清晰圖文>>http://www.fun-life.com.tw/ying-landscape-restaurant/
每回經過裕元花園酒店，總是抬頭看著這棟建築，幻想..
其實阿新較少吃高消費餐廳，因為遠之外，小朋友也會噴不少。
但這次來到裕元花園酒店的映景觀餐廳之後，我改觀了…

電話：04-2465-6555
地址：台中市西屯區台灣大道四段610號8樓
營業時間：午餐11：30 ∼ 14：00 / 晚餐18：00 ∼ 00：00"
126,33,太郎日本料理,"【太郎日本料理】
中華夜市附近的旅館業者蓬勃發展，順便帶起中華夜市的美食熱潮，太郎日本料理就是其中一間，價格非常親民，握壽司和多樣熱炒都是必點美食，是晚餐及消夜的最佳選擇(歡迎轉貼分享)
文章連結：http://jason123455.pixnet.net/blog/post/186783018
地址：台中市中華路一段213號
電話：04-2223-6855"
127,40,春水堂,"【[台中]春水堂創始店】
 http://www.orange-dog.com/2014/09/301983.html
 (請點聯結)
 1983年從台中四維路發跡的春水堂經過三十個年頭..
 除了在台灣開枝散葉..更跨足海外進軍日本東京..
 於是在2014年這天舉辦了四維店正名創始店的活動..
 當天除了創辦人還有請到葉樹姍局長跟劉克襄老師前來站台..
 現場還有珍珠奶茶闖關的活動..我才發現四維店的裝潢比起其他分店還多了好多對珍珠奶茶跟茶葉的知識+介紹哩!!! 

◎地址：台中市西區四維街30號 
◎電話：04-22297991
 ◎營業時間：08:00Am-11:00Pm"
128,62,紐西蘭,"【夯地方牛排館】
開幕沒多久的『夯地方牛排館』~早期從夜市起家~如今將品質更提昇~以店面經營方式提供更優質的用餐環境~並選用美國.澳洲與紐西蘭的牛肉~可滿足各類饕客的喜愛~

電話:04-24733337
地址:台中市南屯區南屯路二段86號(東興路口)
營業時間:1130-1400.1700-2300
全文連結:http://csj10202.pixnet.net/blog/post/186613650"
129,62,領結蜜糖吐司,"【樂昂咖啡LOVE ONE Cafe(健行店)】
下午茶時間到囉，吸睛的領結蜜糖吐司，深受女孩兒們的喜愛，造型特殊也不失美味，外酥內軟，再來一彈夢幻的鬆餅塔，這樣的華麗搭配，誰受得了啊。(歡迎轉貼分享)
http://jason123455.pixnet.net/blog/post/186364332
營業時間：週一~週日10:00~22:00
地址：台中市西區健行路1039號
電話：04-2327-1588"
130,51,串燒居酒屋,"早安，中秋連假~計劃好要到哪裡烤肉了嗎？以下是小編整理的10間""燒烤店""連結，有興趣的人可以看一下... 
也祝大家中秋節愉快，酒不要喝太多哦！^_______^

1.牧島燒肉專門店：http://carriewang.pixnet.net/blog/post/43721611

2.吳留手串燒居酒屋：http://carriewang.pixnet.net/blog/post/43466458

3.激旨燒鳥：http://carriewang.pixnet.net/blog/post/43336414

4.屋馬燒肉町：http://carriewang.pixnet.net/blog/post/41837080

5.食藏燒肉居酒屋：http://carriewang.pixnet.net/blog/post/41628781

6.就醬子烤吧！：http://carriewang.pixnet.net/blog/post/38262251

7.石頭日式炭火燒肉：http://carriewang.pixnet.net/blog/post/33766929

8.烤狀猿日式炭火燒肉：http://carriewang.pixnet.net/blog/post/33477458

9.羊角日式炭火燒肉：http://carriewang.pixnet.net/blog/post/30627409

10.原燒優質原味燒肉：http://carriewang.pixnet.net/blog/post/29600933"
131,50,橘子狗,"【橘子狗愛吃糖-[台中]阿烈仔冰】
 http://www.orange-dog.com/2014/09/2014.html#more
 (歡迎點聯結或分享)
 一賣六十年的老台中冰店..將在今年結束營業了..
 老闆娘說:『賣一輩子了,該休息了..就到今年12月吧』
 雖然我才剛喜歡上這家冰店..每樣冰幾乎是35~40元..
 傳統的蜜豆冰裡面有自己熬煮的古早味蜜鳳梨跟酸梅..
 不管是花豆、綠豆或紅豆都很飽滿軟綿..有興趣的就把握最後的時間吧 
對了!!木瓜牛奶也很讚咧!!

◎地址：台中市西區篤行路153之1號 
◎電話：04-22072818
 ◎營業時間：12:00Pm-10:00Pm"
132,54,春水堂,"【春水堂創始店】(歡迎分享)
全文：http://blog.yam.com/fbmax0623/article/77611205
春水堂的珍奶舉世聞名，剛好有機會來體驗DIY手搖珍奶才知道春水堂還有此服務，服務人員介紹完畢，姿勢、力道與速度都會影響口感，自己親手製作的珍奶真的好好喝，喝玩透心涼，9/5今天也正是台中春水堂創始四維店的重新改裝開幕活動，會有不少活動，有機會也來體驗手搖的樂趣吧！

地址：台中市西區四維街30號
電話：04-22297991
營業時間：AM8:00-PM10:00"
133,30,義大利牛小排堡,"艾可漢堡[一中店] 
全文:http://sant628.pixnet.net/blog/post/389074415
漢堡店推出超值商業午餐,以149的價位附上飲料無限暢飲
點義大利麵系列還免費升級套餐附濃湯和麵包!!
9/15日推出新產品達拉斯牛小排堡~ 牛小排的肉質結實帶油筋且油脂甚多,入嘴後焦脆的筋肉跟咀嚼口感搭上鮮脆的生菜,嘴內豐富許多,也讓人唇齒留香

電話:04-22253778 
地址:台中市北區一中街101號
營業時間:11:30~22:00
◎免收服務費,有WIFI"
134,27,橘子狗,"〔橘子狗-台中 零柒咖啡〕
http://www.orange-dog.com/2014/09/07cafe.html?m=0#more
（請點連結）
 附近的向上市場在町家以後又出現一家咖啡店
 不過主打的是單品咖啡與雜貨鋪子 用老傢俱點綴的住宅空間
從門口的綠意到店內景物都充滿日常生活感
 喝了兩款豆子的表現還不賴
 至於輕食類是九月限定可遇不可求的要廚師在才有的小驚喜了

◎地址：台中市西區公正路237號
◎電話：0963-7700181
◎營業時間：01:00Pm-08:00Pm"
135,43,獅兄弟風味小酒館,"【獅兄弟風味小酒館】
平價消費神級料理，沙公大隻肉厚肥美又鮮甜，熱炒料理到到精彩美味，沒吃過會後悔!!!
文章連結：http://qvicky0528.pixnet.net/blog/post/388656371
電話：04-2220-5592
地址：台中市西區柳川西路二段150號
營業時間：17:00 ~ 2:00"
136,40,南屯廟口炸粿,"【[台中]德順宮 南屯廟口炸粿】
 http://www.orange-dog.com/2014/08/blog-post_24.html
 (請點聯結)
 上次吃完丁記有人力推這家..於是下午沒事就跑來坐坐..
 剛好就是在廟口前的榕樹下..GOOGLE很難找到它..
 人不多很安靜很悠閒..肉嗲比蚵嗲好吃..
 還有其他炸物點心的口味我覺得都比有名的丁記更讓我喜歡..
 麵衣不過厚..薄脆得剛好..滿滿韭菜與肉餡吃得很開心..
 還有20元的丸子湯也不賴..果然是麥克大推薦必屬佳作..

◎地址：台中市西區南屯路一段232巷旁(南屯路邊)
◎電話：NONE
◎營業時間：03:00Pm-10:30Pm
◎消費提醒：店休日不定,店址在南屯路近大忠南街"
137,30,列印,"【K布朗早午餐】
有人會因為店家裝潢很可愛而前去用餐的嗎?!如果是的話，不能錯過這家超可愛畫風的K布朗，店內到處都有可愛台灣黑熊，記得""列印""K布朗的優惠券，法式早餐買一送一只要$100元，列印出來才有優惠喔!請看文章內容
全文:http://niniblue.pixnet.net/blog/post/185220843
地址:台中市西區大墩19街93號(永豐棧酒店附近)
電話:04-23202379
營業時間:8:00~17:00，免服務費"
138,49,大醬無煙燒烤,"【大醬無煙燒烤】
深夜食堂來囉!前日經過華美街發現一間燒烤店，店裡的食材好新鮮，使用獨自調製的醬汁，提升了每樣燒烤的風味，配上果醋飲，不知不覺又會多嗑了幾支串燒，CP值高呦(歡迎轉貼分享)
http://jason123455.pixnet.net/blog/post/185703939
營業時間：17:30~02:00
地址：台中市西區忠誠街123號(與華美街口)
電話：0988-798-399"
139,27,義大利,"【大象小吃】
準備吃晚餐嘍!!好吃的平價義大利麵在這裡 : ))
食記 http://ivyblueling.pixnet.net/blog/post/53180666

地址: 台中市西屯區台灣大道三段208號
電話: 0923-691953
營業時間: 週一-週五: 17:00-21:00 週六:11:30-14:00 17:00-21:30 週日店休"
140,31,逢甲夜市,"【逢甲夜市】飛BAR蘋果醋冰沙
http://design-forces.blogspot.com/2014/08/bar.html
夏天到了，逢甲夜市的飲料店也越開越多間，上次跟一群朋友來逢甲吃飯時，就有一個傢伙說要喝喝看這家看起來很酷的飲料店，店名叫做【飛BAR】，裡面除了賣一些創意飲品外，還有星座調酒，是一家走噱頭路線的飲料，以下就讓我們看下去：

地址：台中市西屯區文華路217-6號
電話：04-24515786"
141,53,橘子狗,"【橘子狗愛吃糖-[台中 大坑]三時冰果店】
 http://www.orange-dog.com/2014/08/8.html#more
 (請點聯結)
 台中有名三時茶房最新力作..三時冰果店老屋重生..
 這次在大坑觀光區..賣起日式復古創意冰品..讓沉睡的老屋又開始呼吸..
 還有顏振發老師傅的手繪加持..延續了杏仁茶的美味堅持..
 巧克力糖漬橙片冰帶點苦帶點酸的大人風味..
 還有試賣期間來就送的烤鳳梨片是隱藏版美味!

◎地址：台中市北屯區東山里橫坑巷20號
◎電話：04-22390530
◎營業時間：11:00Am-05:00Pm(試賣過後會調整)"
142,31,美式蛋捲,"【卡波咖啡 Couple Coffe】
美式蛋捲套餐保留金黃色澤的蛋汁，滑嫩溼潤的口感很清爽，這裡是很適合女生品嘗的無負擔輕食喔!!
食記: http://ivyblueling.pixnet.net/blog/post/49375946

地址:台中市南屯區黎明東街370號
電話: 04-22512155
營業時間:週二-週日:9:00-17:00 (週一店休)"
143,21,義大利,"【聖娜朵義式食尚】
食記：http://carriewang.pixnet.net/blog/post/43806823

位於崇德路上新開幕的義式餐廳，有最專業的主廚，麵條、披薩和麵包都是手工製作的，有賣義大利麵、燉飯、披薩、排餐和下午茶…環境寬敞舒適，餐點美味有質感…

聖娜朵義式食尚
地址：台中市北屯區崇德路二段398號
電話：(04)2242-7398
營業時間：AM11:30~PM22:00(下午不休息)"
144,30,德國鮮釀啤酒,"【路德威手工啤酒餐廳】
假日即將到來了~有什麼比大口喝酒大口吃肉還要暢快呢
綿密滑順的德國鮮釀啤酒順口又香醇 厚實咬勁的松阪豬肉串
聚餐閒聊的好地方!! (提醒大家請適量飲酒喔)
食記: http://ivyblueling.pixnet.net/blog/post/49017800

地址:台中市西區公益路36號(台中港路水舞饌附近)
電話: 04-23288686
營業時間:週一-週六:16:30-1:00 週日:16:30-23:00"
145,37,義大利,"【[台中]FATTY'S義式創意餐廳 】
http://www.orange-dog.com/2014/08/fattys.html#more
(請點聯結)
這家是台中義大利麵老字號..幾乎在地朋友推薦名單都有它..
不過價位有點小驚心..均價都要350元以上..但份量也大了些..
這天吃的辣味奶油檸檬碎雞肉麵酸辣開胃麵條Q勁十足..
還有雙拼披薩也是料好實在飽足滿載...很推薦來試試!

◎地址：台中市西區精誠路50巷1號 
◎電話：04 -23194898
◎營業時間：11:30Am-10:00Pm"
146,21,橘子狗,"【橘子狗愛吃糖-[台中]七日七日韓式炸雞<U+CE58><U+B974><U+CE58><U+B974>】
http://www.orange-dog.com/2014/08/chirchir-8149.html#more
 (請點聯結)
從韓國來的高貴韓式炸雞台中也開張了..幾乎單價都在500以上..
沒有我預期的排隊人潮所以可以順利入座...
再見全壘打炸雞酸辣好味真的是相當不錯吃...
瘦身烤雞乾乾巴巴食之無味不太推!!
想來嘗鮮建議多烙點伙伴..不然錢就要多帶點!!

◎地址：台中市西屯區福星路420號(寶雅隔壁)
◎電話：04 -24528777
◎營業時間：11:30Am-02:00Pm+05:00Pm-01:00Am"
147,54,奶香嫩仙草,"【奶香嫩仙草&豆花】
全文：http://blog.yam.com/fbmax0623/article/76223734
上次去買蘿蔔絲餅，意外看到斜對面大排長龍的攤販，是賣嫩仙草&豆花為主，堅持每日新鮮現做，絕不隔夜，料的選擇超多，最貴也不過35元，花生鬆軟熟透，大豆綿密可口，QQ與芋圓Q彈有嚼勁，嫩仙草更是ㄉㄨㄞㄉㄨㄞ滑順，果然不錯，推薦給大家！

地址：台中市西區民生路與五權路口(藥局騎樓下)
電話：0922-909882、0963-098354
營業時間：PM1:00-PM5:00(賣完為止)"
148,44,印月創意東方宴,"【印月創意東方宴】
全文:http://sant628.pixnet.net/blog/post/368214344
慶祝父親節找好餐廳了嗎 推薦奢華藝術烤鴨饗宴
藝鴨三吃飆創意~阿豆仔都銷魂稱讚

電話:04-22511155
地址:台中市西屯區市政北一路168號
營業時間:11:30~14:30  14:30~17:30   17:30~22:00"
149,28,辣雞翅,"【昨日花卷 跨界好食】
舒服寬敞的環境和好吃的食物，經過試營運的震撼教育後，星羽介紹好幾組朋友到這用餐都很受好評，特殊花捲美味又精緻，辣雞翅更是不可錯過，朋友聚餐也超合適的!<3
文章連結：http://qvicky0528.pixnet.net/blog/post/340870154
電話：04-2326-6984
地址：台中市西區忠誠街91號
營業時間：11:00–22:00"
150,33,獅兄弟風味小酒館,"【獅兄弟風味小酒館】
每晚高朋滿座的獅兄弟，今天終於了解有它的道理了，每樣熱炒功夫菜都是精髓，滑嫩的羊肉、多汁的菲力牛、下酒的宮保皮蛋、溫補的麻油蚵仔，每樣都值得嚐試。(歡迎轉貼分享)
http://jason123455.pixnet.net/blog/post/184527009
營業時間：17:00~02:00
地址：台中市西區柳川西路2段150號
電話：04-2220-5592"
151,54,零柒咖啡,"〔橘子狗-台中 零柒咖啡〕
http://www.orange-dog.com/2014/09/07cafe.html?m=0#more
（請點連結）
 附近的向上市場在町家以後又出現一家咖啡店
 不過主打的是單品咖啡與雜貨鋪子 用老傢俱點綴的住宅空間
從門口的綠意到店內景物都充滿日常生活感
 喝了兩款豆子的表現還不賴
 至於輕食類是九月限定可遇不可求的要廚師在才有的小驚喜了

◎地址：台中市西區公正路237號
◎電話：0963-7700181
◎營業時間：01:00Pm-08:00Pm"
152,41,今日爌肉飯,"【[台中]今日爌肉飯】
http://www.orange-dog.com/2014/07/blog-post_31.html#more
(請點聯結)
忠孝路上有幾家老字號爌肉飯..陳明統是一..今日是二..
這天順路吃完陳剛好看到今日就順便坐下來..
爌肉飯倒是一樣貴..不過肉比陳明統大塊得多..
滷得還算嫩就是太容易鹹膩..但多了甘蔗滷 汁香..
不算最出色不過可以嘗個口味這樣..

◎地址：台中市東區忠孝路256號
◎電話：04-22820999 
◎營業時間：10:00Am-08:00Pm"
153,33,窯烤披薩義大利,"【帕里歐窯烤披薩義大利廚房】
義大利進口的麵條.燉飯專用米.初榨橄欖油~加上手工製作的披薩~使用新鮮酵母及義大利進口小麥粉~經過24小時低溫發酵~完全呈現出麵粉獨特的回甘香氣~絕對讓您嚐到正統的義式風味~

電話:04-24634899
地址:台中市西屯區福科路637號
營業時間:1130-1430.1700-2100
全文連結:http://csj10202.pixnet.net/blog/post/183035166"
154,83,清真恩德元餃子館,"【清真恩德元餃子館】4訪依舊好吃
不到三個月的時間，我已經跑了清真恩德元餃子館四次了，每次的牛肉丸子火鍋越點越大份，開團的食客也越來越多人，到第四場的10人團，甚至還因為吃不夠而繼續加點牛肉，天啊！這家的東西怎麼可以這麼好吃呢？

文：http://design-forces.blogspot.com/2014/07/food1.html
地址：台中市南屯區文心路一段200號
電話：04-24717240"
155,45,串燒居酒屋,"【台中居酒屋】吳留手串燒居酒屋
培根捲鮮干貝，這道有點貴貴，造型卻超卡哇一的可愛，鹹鹹的培根帶出了干貝的鮮甜，咬下還會有點小爆汁的感覺，值得嚐鮮。

地址：台中市西區中興街111號(經國綠園道邊)
電話：04-23028611
全文：http://design-forces.blogspot.com/2014/06/eat.html"
156,100,吃到飽懶人包,"【台中吃到飽懶人包】
26間台中燒烤、火鍋、日本料理、泰式料理、自助餐Buffet、壽喜燒、牛排、義大利麵、披薩等吃到飽餐廳總整理！
全文：http://tony60533.pixnet.net/blog/post/32609598"
157,54,瑪希噠辣炒年糕,"【瑪希噠韓式小吃】
愛吃辣炒年糕的你絕不能錯過，配料豐富的瑪希噠辣炒年糕，一陣子沒吃就會開始懷念呢!!位在霧峰林家花園附近喔!

店家地址：台中市霧峰區萊園路１７號
店家電話：04-23302360
營業時間：下午12:30到售完為止(大約晚上八點)
公休日:每周三，周日不固定，可先去電詢問"
158,90,逢甲夜市,"【IVORY TOWER CAF'E 象牙塔咖啡】
位於在逢甲夜市的巷弄內,有家貓咪餐廳
店內有七隻小貓來自不同地方
也為店家帶來了七個不同的故事!!

電話:04-24522328
地址:台中市西屯區慶和街5號
營業時間:13:00~22:00(週二公休)"
159,38,印月創意東方宴,"印月創意東方宴『藝鴨三吃』

印月一直是我的愛店阿（手比愛心）。只要有重要聚餐都會考慮來這裡，精緻用心又創意的餐點絕對讓你不失面子。這一次會來印月，除了有新推出的藝鴨三吃以外，主要是慶祝母親節，帶阿木來吃大餐，結果拖稿到現在才生文XD。印月真的是很會用創意把料理變的很有趣的餐廳，感覺他們用美食來搞文創這樣。我第一次看到有人把食物玩得這麼藝術，這麼文青，然後還可以美味到讓人驚艷。就連簡單的藝鴨三吃，他們也可以弄出大地豐收與世界拼圖等主題，讓你視覺與味覺都大大滿足。印月完全跳脫烤鴨的傳統框架，創造出獨一無二的藝鴨三吃！

電話:04-22511155
地址:台中市西屯區市政北一路168號
營業時間:11:30~14:30 14:30~17:30 17:30~22:00"
160,41,黑龍江黃金千層蔥花大餅,"【第三市場】黑龍江黃金千層蔥花大餅
天啊！你說誇張不誇張，一個來自黑龍江的蔥花大餅竟然比臉還要大，放在臉前都快可以變成大餅超人了，超想在上圖的餅中畫個笑臉，一定很有趣，沒想到位於台中第三市場中，竟然還有這麼豪邁的黃金千層蔥花大餅存在。

地址：台中市南區信義南街312號
電話：0910793339
營業時間：09:00~17:00 (賣完收攤)"
161,85,千層派,"台北永康街超人氣抹茶店也來台中了
7月6日前只開放外帶，打卡還有8折優惠！
霜淇淋轉體五圈胖胖登場還有抹茶聖代
目前還沒有全品項開賣 
所以右邊的千層派再等等嘿！

地址：台中市西區模範街40巷22號
營業時間：01：00Pm到售完<U+7232>止"
162,72,牛奶鍋,"【和稻鍋物】
公益路美食再添一家,生猛海鮮套餐吃到飽
每日產地直送牛奶熬煮的牛奶鍋,滋味濃醇!
好康:現在只要電話預約時告知是當月壽星
即可享有""壽星時令海鮮拼盤乙盤,打卡還有九折優惠

電話:04-22595657
地址:台中市南屯區文心路一段437號(公益路口)
營業時間:11:30~15:30  17:30~01:00
六日:11:30~01:00"
163,38,BelliniPastaPasta貝里尼義大利麵,"Bellini PastaPasta貝里尼義大利麵
使用胡桃木火烤的pizza餅皮很薄脆，微焦的外皮很可口，入口咀嚼還有著餅皮的天然麥香味，搭配鹹味明太子一起品嘗好開胃阿!!
食記: http://ivyblueling.pixnet.net/blog/post/54795458

地址: 台中市西區公益路68號B1(勤美誠品綠園道 B1)
電話: (04)2328-2388"
164,36,遇見PASTA和食,"【遇見PASTA和食】(歡迎轉貼分享)
全文：http://blog.yam.com/fbmax0623/article/77336308
與好友來到中興大學附近這間遇見PASTA和食，外觀很有某異國民宿的氛圍，不會想到是餐廳，餐點選擇性多，價格也不貴，定食、義大利麵到燉飯表現的可圈可點，特別推薦燉飯，略帶米芯，菇類的香氣有炒出來，吃完讓人意猶未盡，CP值滿高的，分享給大家唷！

地址：台中市南區永和街264號
電話：04-22265029
營業時間：AM11:00-PM9:30"
165,25,艾可先生-一中店,"【艾可先生】
台中知名漢堡店之一，推出新的商業午餐11:30~17:30
不能錯過花生醬和辣肉醬漢堡之外，還推出了義大利麵系列

勤美店:台中市向上北路137號(草悟道巷弄)
訂位電話:04-23029599
一中店:台中市北區一中街101號(7、8月暫無商業午餐)
訂位電話:04-22253778"
166,30,艾可漢堡[一中店],"艾可漢堡[一中店] 
全文:http://sant628.pixnet.net/blog/post/389074415
漢堡店推出超值商業午餐,以149的價位附上飲料無限暢飲
點義大利麵系列還免費升級套餐附濃湯和麵包!!
9/15日推出新產品達拉斯牛小排堡~ 牛小排的肉質結實帶油筋且油脂甚多,入嘴後焦脆的筋肉跟咀嚼口感搭上鮮脆的生菜,嘴內豐富許多,也讓人唇齒留香

電話:04-22253778 
地址:台中市北區一中街101號
營業時間:11:30~22:00
◎免收服務費,有WIFI"
167,47,餐廳懶人包,"【台中 餐廳懶人包】(歡迎分享轉貼)
全文：http://blog.yam.com/fbmax0623/article/74485950

9月的懶人包已更新，有義大利麵、披薩、牛排、火鍋、異國料等，接下來中秋佳節可以參考一下，希望對大家有幫助唷！"
168,27,大象小吃,"【大象小吃】
準備吃晚餐嘍!!好吃的平價義大利麵在這裡 : ))
食記 http://ivyblueling.pixnet.net/blog/post/53180666

地址: 台中市西屯區台灣大道三段208號
電話: 0923-691953
營業時間: 週一-週五: 17:00-21:00 週六:11:30-14:00 17:00-21:30 週日店休"
169,21,聖娜朵義式食尚,"【聖娜朵義式食尚】
食記：http://carriewang.pixnet.net/blog/post/43806823

位於崇德路上新開幕的義式餐廳，有最專業的主廚，麵條、披薩和麵包都是手工製作的，有賣義大利麵、燉飯、披薩、排餐和下午茶…環境寬敞舒適，餐點美味有質感…

聖娜朵義式食尚
地址：台中市北屯區崇德路二段398號
電話：(04)2242-7398
營業時間：AM11:30~PM22:00(下午不休息)"
170,37,FATTY'S義式創意餐廳,"【[台中]FATTY'S義式創意餐廳 】
http://www.orange-dog.com/2014/08/fattys.html#more
(請點聯結)
這家是台中義大利麵老字號..幾乎在地朋友推薦名單都有它..
不過價位有點小驚心..均價都要350元以上..但份量也大了些..
這天吃的辣味奶油檸檬碎雞肉麵酸辣開胃麵條Q勁十足..
還有雙拼披薩也是料好實在飽足滿載...很推薦來試試!

◎地址：台中市西區精誠路50巷1號 
◎電話：04 -23194898
◎營業時間：11:30Am-10:00Pm"
171,81,美食餐廳,"嚴選台中各類的餐廳懶人包來囉！(歡迎分享)
★★http://blog.yam.com/fbmax0623/article/74485950

【台中美食餐廳】義大利麵、披薩、牛排、火鍋、異國料理等
花了很多時間整理，覺得不錯的才會放上去，但畢竟每個人的口感不同，之後就是情人節與父親節，這篇很受用唷！"
172,33,帕里歐窯烤披薩義大利廚房,"【帕里歐窯烤披薩義大利廚房】
義大利進口的麵條.燉飯專用米.初榨橄欖油~加上手工製作的披薩~使用新鮮酵母及義大利進口小麥粉~經過24小時低溫發酵~完全呈現出麵粉獨特的回甘香氣~絕對讓您嚐到正統的義式風味~

電話:04-24634899
地址:台中市西屯區福科路637號
營業時間:1130-1430.1700-2100
全文連結:http://csj10202.pixnet.net/blog/post/183035166"
173,45,激旨燒,"【激旨燒<U+304D>鳥Gekiuma Yakitori】
這間串燒店堪稱是逢甲夜市人氣超旺的串燒店啊！原本只是一個小攤子，後來生意越來越好，已經是個小店面了呢。坐在外頭一邊吃，等待的時間還能一邊喝著濃郁的大骨湯，超好喝啊！

連結：http://abrabbit.com/gekiuma-yakitori/

店名：激旨<U+304D>燒鳥
地址：台中市西屯區文華路150巷18 號 (逢甲文華道商場內)
電話：0913-146878
營業時間：17:00-00:00
公休日：禮拜三"
174,38,逢甲夜市爆漿按摩雞排,"【逢甲夜市慶和街】排隊人潮不減的爆漿按摩雞排
http://design-forces.blogspot.com/2014/09/21.html
之前有一次跟電冰箱去逢甲夜市逛，結果經過按摩雞排時，就看到一堆人在排隊，當下決定有一天要一定來吃吃看，沒想到第二次在經過時...

地址：台中市西屯區逢甲慶和街75之2號 
電話：0921497279"
175,42,台中住宿攻略篇,"【台灣住宿攻略】台中住宿攻略篇
由全台灣數十位部落客聯手創作的，台中以大小夜市聞名，吸引了不少朝聖的遊客，想知道來逢甲夜市該怎麼住嗎？著名的大飯店又有哪些呢？以下讓我們來瞧瞧這些台中住宿達人的精采介紹：
文：http://design-forces.blogspot.com/2013/09/Taichung.html"
176,15,繼光香香雞-福星門市,"【繼光香香雞-福星門市】(歡迎分享)
全文：http://blog.yam.com/fbmax0623/article/78298762
從小吃到大的繼光香香雞，走過41年的時間，在逢甲夜市開了間旗艦店，也是全台第一間炸物結合在地蔬果的店家，套餐組合有4種，醬汁3種，口感依舊香嫩且多汁，搭配蔬果一起食用均衡一下，9/2-9/4正式開幕，還享有85折的優惠，也快來品嚐看看唷！

地址：台中市西屯區文華路10-10號
電話：04-24525822"
177,33,閒聊昨日花卷,"【閒聊昨日花卷】一位創業者所展現出的氣度
http://design-forces.blogspot.com/2014/08/all.html
開一家屬於自己的店，是許多年輕人的夢想，他是周先生，早期從逢甲夜市Offer Make 造堡起家，如今已經是兩家店的老闆，就這一兩年來我對於他的認識，我覺得他是一個成功的創業家，雖然東西不一定是最好吃的，但在面對創業過程中的總總難題，他總是可以抱懷著樂觀的心情堅持下去並改進。

地址：台中市西區忠誠街91號 
電話：02-2326-6984"
178,86,逢甲夜市ALAB實驗室冰淇淋,"【逢甲夜市】ALAB實驗室冰淇淋
http://design-forces.blogspot.com/2014/08/alab.html
這陣子，在逢甲夜市地球村附近，悄悄的開了一間ALAB實驗室冰淇淋，這家冰淇淋店雖小，但裝潢與氣氛的營造上，都做的十分好，裡面的員工則穿著白衣袍，頗有實驗室人員的氣息，可說是噱頭十足。

地址：台中市西屯區福星路542-3號
電話：0978055352"
179,31,逢甲夜市飛BAR蘋果醋冰沙,"【逢甲夜市】飛BAR蘋果醋冰沙
http://design-forces.blogspot.com/2014/08/bar.html
夏天到了，逢甲夜市的飲料店也越開越多間，上次跟一群朋友來逢甲吃飯時，就有一個傢伙說要喝喝看這家看起來很酷的飲料店，店名叫做【飛BAR】，裡面除了賣一些創意飲品外，還有星座調酒，是一家走噱頭路線的飲料，以下就讓我們看下去：

地址：台中市西屯區文華路217-6號
電話：04-24515786"
180,42,雞排超人,"【雞排超人】
聽說逢甲多了一種特別口味的雞排，到底是什麼？？
還好最近都跑逢甲，所以比較多時間可以閒晃，開心~
找著找著，發現了一間雞排超人店家，
招牌竟然是『水蜜桃爆漿雞排』
清晰全文閱讀>>http://www.fun-life.com.tw/chicken-superman/
地址:逢甲夜市西安街跟文華路交叉路口
電話04-2452 2114
營業時間:週一至週日，17:00~24:00"
181,54,台中逢甲大甲芋頭城,"【[台中]逢甲 大甲芋頭城】
 http://www.orange-dog.com/2014/08/q.html#more
 (請點聯結)
 夏天的逢甲夜市是我最不想靠近的炎熱地獄..
 除非有人約吃冰就例外..像是這家在一心臭豆腐旁邊的冰店..
 聽說已經開很久..一碗綜合冰只要五十銅板價有找..
 軟香蜜芋頭加上Q勁十足的芋圓加蕃薯圓..一盤下去暑氣全消光! 

◎地址：台中市西屯區福星路461巷2之2號
 ◎電話：04 -24525817
 ◎營業時間：01:30Pm-01:00Am"
182,30,雞寶貝鹹水雞,"【雞寶貝鹹水雞】
台中夜市一個接一個開，大家最喜歡哪一間呢?
推薦給大家特別又好吃的夜市美食，位在逢甲大學邊，泰式蘋果的滋味讓人一吃上癮念念不忘，超適合夏天夜裡享用!!!<3
文章連結：http://qvicky0528.pixnet.net/blog/post/348605105
電話：0980-037670
地址：逢甲夜市圍牆邊巷子，在烤蛤仔邊
營業時間：PM6:30-AM01:30"
183,48,朴大哥韓式炸雞,"【朴大哥韓式炸雞 - 逢甲美食排隊到天邊的必吃店家】
食記: http://hyperlife.pixnet.net/blog/post/373765151

來逢甲夜市到底要吃什麼、推薦什麼必吃? 目前最夯的應該就屬於逢甲夜市的朴大哥韓式炸雞啦！有真正來自韓國的老闆掌廚，且店面營業時間只做晚上5點~2點，週五週六還到3點。老闆真的卯起來拼啦∼　韓式炸雞配啤酒的吃法真的太吸引人了∼

A:台中市西屯區西平里文華路127巷19號
T: 0988-328-178
營業時間: 17PM~3AM"
184,47,來自星星的炸雞,"【來自星星的炸雞】
都教授耶!!!! 在逢甲夜市發現了騎著自行車的都教授蹤影!!! 一點都沒看錯，想和這Q版造型騎著自行車的都教授來一張合照嗎??趕緊來逢甲夜市一遊吧~~~

地址：台中市西屯區文華路12-1號 (總店) 
/ 台中市西屯區逢甲路20巷 (二店) 
訂購專線：0982360510"
185,1,火腿蛋炒飯爌肉飯,"推薦一間不錯的餐廳〝雪克藍餐飲屋〞
歡迎各位來此加入粉絲團
http://www.facebook.com/136119966451103
覺得還不錯的話，幫忙按個讚吧
或幫忙介紹親朋好友上門光顧唷~^^
非常感謝各位的支持~~~

店內提供家常菜及冷熱飲，
每日前往菜市場挑選新鮮食材，
茶飲堅持不用隔夜茶，
現點現做新鮮供應，價格也相當平價。

招牌菜：火腿蛋炒飯、爌肉飯、鍋燒意麵、炒意麵
都是客人讚不絕口、一點再點的經典料理...

想去『看電影』的人
(國賓 / 威秀 / 新光 / 南台 影城)
可以先到 雪克藍餐飲屋 
【店址：台南市東區莊敬路183號】
來購買〝電影優待票〞唷
順道可以享用美食喝飲料...

(另有王品集團的餐卷)
先加我的LINE：bb750420
來預定或洽詢吧....."
186,113,榴槤薄餅海南雞飯綠豆湯雞腳凍中西區嘉洲食坊,"嘴饞想吃榴槤薄餅時，總會來到這裡，海南雞飯雞腿軟嫩，沾上新加坡辣醬辣在舌尖的快感，令人流下一滴汗。
套餐中的薏仁綠豆湯與紅茶都有獨樹一格的味道。另外這裡的清宮御膳#雞腳凍很好吃，可惜今天賣完了，唉，下次再來(*^o^*)
[#中西區]新加坡美食  嘉洲食坊
台南市中西區府前路一段257號
06 213 1158
11:00–14:00, 16:30–21:00"
187,164,品味當歸鴨米糕,"近來日夜溫差大漸漸有冬天的FU了，今天來分享不一樣的，當歸鴨麵線一直是簡單食補的好選擇。【品味當歸鴨米糕】是JACK從小吃到大的店家，特別喜歡吃他們家的當歸鴨麵線，鴨肉燜煮得相當軟嫩，紅麵線先汆燙至熟在放冷這樣入口麵線比較有嚼勁，當歸湯以多種純正中藥材熬煮多時而成。忙碌的你不妨來上一碗給自己好好補一下....

[#東區] 品味當歸鴨米糕 

<東門店>  11:00 - 22:00
台南市東區東門路2段328號 06-3355846

<大同店> 10:30 - 23:00
台南市東區大同路２段85號 06-2141705"
188,71,飲食工坊,"【今天開幕！有活動喔！】嗨！大家還記得先前有提供我們蛋捲作為抽獎獎品的 我的手作幸福 嗎??店家已經搬到新的據點了也更換新店名了，目前有提供手作蛋捲、土鳳梨酥、夏威夷豆塔還有冷泡茶飲~有你喜歡吃的嗎?(當伴手禮也很讚喔)...

ps.我們是很有江湖道義的，店家對我們的好，我們都會銘記在心，需要時~必當義氣相挺...

我的手作幸福 飲食工坊(新店名)
台南市東區大同路一段221-1號
0938979739"
189,1,北國的冰點,"好消息!!!好消息!!!
北國的冰點，10月10日上午10點開幕，
將免費發送來自日本北海道原裝進口雪糕，
數量有限，只送不賣，發完為止! 
地址:台南中正路131巷內(雙全紅茶老店隔壁)"
190,128,溏心蛋,愛爾蘭甜奶酒溏心蛋
191,128,中西區,"50元的銅板美味!正餐點心皆宜，雞豬鴨三口味，微辣微酸微甜，可切半，買十送一，我們公司最愛的下午茶，歡迎分享(^__^)
[#中西區]三千萬法國麵包
台南市西門路一段697號(大灣花生糖旁)
1000~1900,週一公休
0982670648,葉老闆娘"
192,171,吃味鮮,"第一次吃到吃味鮮，是在我七歲讀小一的時候(小編記性過人)，那也是我人生第一次吃到香酥雞，還記得那時他們夫妻只擺武聖夜市(我家旁邊)，老是和同學為了到底是鹹酥雞還是香酥雞吵架的童年往事。
二十八年過去了，老闆娘的樣子沒變，香酥雞上的白芝麻沒變，胡椒鹽的味道沒變，我每次只買30元鹹酥雞的習慣也沒變，所以你問我其他東西的味道如何，我就沒有辦法回答了。
武聖夜市旁，比鄰著過去繁華一時的武聖點心城，第一次吃到的牛排，第一次吃到的意麵都在這裡，人事已非，事過境遷，能有共同回憶的人並不復在，但夜市美食永存，哇咧好加在!

[夜市點心]吃味鮮 香酥雞
二五小北，三六武聖，四日花園"
193,185,中西區,"這間蔥油餅很特別，半張30,一張60,餅皮現點現桿，熱油煎炸，完全無任何醬料，好吃的秘訣在於酥脆的餅皮與秘製調味粉的結合，只能熱食不適冷啖，口感獨步台南。
另外隔壁的三千萬法國麵包也很好食，小編都會一起買，只需少少銅板便能有大大滿足(^__^)
[#中西區]馬祖香酥蔥油餅
地址：台南市西門路一段697號 (林春銘腦神經騎樓，新光三越台南西門新天地對面
營業時間：15:30~賣完"
194,119,牛肉湯,"台南牛肉湯不計其數，但真正懂吃老饕能吃的到的肉不多，甚至稀有。
不只肉，還有湯。
店家不予公開，想知道的請私訊吧(請附上一則你對台南市區任何一間牛肉湯的獨到見解)"
195,104,食內嗑,"天氣涼了，吃泰國菜剛好應景。
只是身上剩200元，還好有食內嗑!台南CP最高!
(那泰式牛肉沙律是我自己拿中秋烤不完的牛肉請李老闆幫我用的，哈哈)

食內嗑 泰式小食肆
0931-829-196
中午1130-晚上1100
海安路一段51號(矮仔成對面)"
196,154,中西區古早味,"這種賣涼ㄟ店打從爺爺奶奶時代就有，難以言喻的特別味道。
[#中西區]古早味無名涼ㄟ
住址:如圖
電話:老闆說麵啦"
197,137,土魠魚,剛剛的晚餐~魚土魠魚<U+7FAE>。台南道地的知名小吃。這類美食我們分享比較少，先前我們有介紹過公園路上的紅燒魚土魠魚<U+7FAE>，大家有沒有要分享推薦ㄧ下自己的口袋名單，讓其他粉絲朋友也可以有機會吃到~
198,90,溏心蛋,"小編幫長輩設計了一系列的養生餐點，由於是養生菜色，所以需兼顧食材特性,健康,與卡路里計算，這樣一份總熱量約600卡，請大家幫忙打分數，做的不好有什麼建議我再改進，麻煩大家了(^__^)
菜單如下:
有機黑木耳露
莓果核桃手工優格
有機人參果汁
冰鳳梨醋飲
百香美人腿優格沙拉
山藥燉小排湯
清酒溏心蛋&黃金地瓜泥,五穀米,蒸烤安康魚大菇菇"
199,69,石二鍋,"【 石二鍋雙人餐券~開獎了】恭喜2位得獎人^^

恭喜這2位得獎粉絲獲得石二鍋餐券二張

兌獎憑證領取辦法：
1、得獎領獎截止日期：2014/10/05 止
2、請得獎者利用上方""發訊息""功能留言姓名、電話、住址
3、我們統一10/06 寄出餐券"
200,200,永康區臭臭鍋,"台南高工對面，有間超值小火鍋店，買兩鍋送一盤肉(小編這盤是牛五花，外面一盤組合牛賣60)，湯頭無味精，使用真正的高山高麗菜，清甜可口(一般都用爛菜)，附一顆雞蛋(一般要另外單點)，碳酸飲料喝到飽，白飯任你吃。環境沿用過去甜點店裝潢，冷氣開放坐沙發，附停車場，這樣一人95元，你是否和我一樣感動?

[#永康區]林媽媽  臭臭鍋
台南市永康區中山南路162號
上午1100~凌晨0200
06-3036129"
201,119,雙層牛肉吉士堡,雖然不健康，但雙層牛肉吉士堡真的太威了
202,200,君成食記中西區,"【店家加碼送】只要看台南美食地圖來的，即贈送精美菜餚（用餐前告知）

開業三年的君成食記創意料理過去主打中式的無菜單創意菜色，於今年四月重新裝潢成濃濃的工業風後，料理風格也轉變成日式手法。
多年前在台北的三井吃這樣的菜色花了我2800,今天來君成卻只花700元，僅四分之一的價格(已哭)，CP值真的很高!
我吃到了澎湖新鮮的藍星斑,新鮮的竹蛤,大蛤,大帆立貝,超新鮮的沙西米及握壽司還有很棒的味噌湯品.....
其中的旗魚生魚片使用了只有刀功高超的師父才能漂亮取下的側邊肉部位，油脂豐厚猶勝otoro,並排列成玫瑰花狀，賞心悅舌。
澎湖現撈的藍星斑採用清蒸料理法，細緻的魚肉包裹蘆筍，令人吃過難忘，下面的豆腐吸飽鮮魚湯汁後更是入味!(唯一的缺點是藍星斑我老是念成東星斑)。
老闆自己家裡有漁船在澎湖，用每天現撈新鮮魚貨來做創意料理，每次去都會有不一樣的驚喜，真的很威!!
工業風的裝潢搭配日式無菜單料理有夠潮!大家以後不用去海產店花大錢汗流挾背聞煙味了，我喜翻在這裡緩慢用餐的港節(*<U+02D8>︶<U+02D8>*)
聽說之後會推出150元六道菜的中食，哦，我期待~~~

[#中西區]君成食記手創料理
地址:台南市友愛街14號
電話:06-2211010,0977777264
營業時間:1100~1400,1700~2200
每週一店休，依預算無菜單料理出菜，700是最多客人指定價位,CP值很高!"
203,230,中西區君成食記,"三年前在台北的三井吃這樣的菜色花了我2800,今天來君成卻只花700元，僅四分之一的價格(已哭)，CP值很高!
我吃到了澎湖新鮮的藍星斑,新鮮的竹蛤,大蛤,大帆立貝,超新鮮的沙西米及握壽司還有很棒的湯品.....
老闆自己有漁船在澎湖，用每天新鮮魚貨來做創意料理，真的很給力!!
工業風的裝潢有夠潮!大家以後不用去海產店花大錢汗流挾背聞煙味了，我喜翻在這裡緩慢用餐的港節(*<U+02D8>︶<U+02D8>*)
聽說之後會推出150元六道菜的中食，哦，我期待~~~

[#中西區]君成食記手創料理
地址:台南市友愛街14號
電話:06-2211010,0977777264
營業時間:1100~1400,1700~2200
每週一店休，依預算無菜單料理出菜，700是最多客人指定價位,CP值很高!"
204,2,薑母鴨永康區,"吃薑母鴨的季節到了~
遠離食安風暴、遵循古法、純薑汁燉煮
地址:台南市永康區中山北路113號(永康教會正對面) 好停車
預約專線:06-2017818
營業時間:下午三點至晚上12點"
205,200,脆皮雞排,"終於找到好吃的脆皮雞排了，千辛萬苦...
一直以為台南的脆皮雞排較好吃的只有派克和3Q，卻在鹽行霜花亭吃蜂巢霜淇淋時發現了這間店，雞肉仍保有雞汁原味，吃來鮮嫩多汁，重點是他們使用美食家芥花油，吃來不但健康又安心，而且紙袋上沒有吸油的痕跡，真的很讚!!
小編很討厭嫩精醃過頭吃起來沒雞肉味的雞排，這間不只雞排好吃，鹹酥雞和深海魷魚也狠新鮮。店門兩隻可愛臘腸狗彷彿說著:[很好吃哦，來一份吧這樣的話]。
值得推薦!!真心力推!"
206,74,黑肉丸,"jack上來台北處理事情，朋友推薦來樹林ㄧ定要來這家黑肉丸嚐嚐，只是行程有點趕只好拍照記錄ㄧ下，有朋友吃過嗎？可以分享ㄧ下嗎？

[#台北樹林區]樹林後火車站廣場旁
黑肉丸"
207,154,復興羊肉,"高CP值:羊肉燴飯+羊雜湯90元 
位於圓環旁羊肉一級戰區，由東圓城羊肉首發羊肉燴飯及羊雜湯各50元的優惠，老店復興羊肉做出了更為超值的組合價，卻不偷工減料。
羊燴不同一般太白粉勾芡炒法，湯汁直接淋在飯上;羊雜湯內的羊雜更是澎湃一碗。
飽足又不傷荷包，何樂不為?(*^o^*)

[#東區]復興羊肉
住址:台南市東區大同路一段37號
電話06-2146967
15：30∼23：30"
208,317,北區,"CP值非常高的店!
冷氣開放,環境舒適,飲料免費喝到飽,現場還有歌手演唱，餐點價格相當便宜，說真的，有些餐點甚至比路邊攤便宜，而且因為店面靠近成大，所以份量更是大碗，當學生真好(已哭)。
他們滷味滷的相當入味，其中牛三寶套餐及豬三飽套餐份量超值，豬腳筋與牛筋均入口即化，附上大碗肉燥飯，天然又健康。
披薩皮手工桿製，專業烤箱烘烤，是個相當用心的用餐好所在。
趕快分享出去吧(^__^)

[#北區]滷坊 成大店
台南市東豐路253號
06-2086965,1100~2300
推薦:菲式打拋披薩,牛三寶套餐"
209,200,醉月樓,"以前我很喜歡醉月樓，因為每年的特定時節，38樓總會有五折的優惠。因為很喜歡看到整個台南，因為很喜歡吃港式飲茶。
其實以前五折下來，三個人加上服務費及茶資，大約700多元就能心滿意足。
580吃到飽原本是到九月底，後來可能覺得這經營模式可行，也許會這樣持續下去。
現在改成吃到飽了，品質稍微有些特別，人事已非，景色依舊，唯一不變的，是我們自己的心。

[#東區] 香格里拉醉月樓港式飲茶吃到飽
地址：台南市東區大學路西段89號38樓
電話：06-7028856
營業時間：11:30-14:30; 18:00-21:30
580加10%"
210,341,夯胖中西區,"由台南最有愛心的型男DJ 陳霸哥擔任主廚，超值的份量，美味的內餡夾心，甫一試賣即造成熱賣。
其中招牌燒肉夯胖強烈建議加蛋和起士，土司微微的碳火煙燻香氣，夾上現烤的燒肉與蔬菜，哦衣吸內。
豆漿紅茶也很有味道，這裡也有甜土司，以上是最潮的食尚美食報導(^__^)
[#中西區]夯胖  日式碳烤土司
台南市大智街63號，1800~2300
0926586161
推薦:招牌燒肉夯胖"
211,169,菜粽肉粽中西區古早味,"老闆娘大嗓門的直來直往，自製自售的菜粽肉粽，美味不孤單!!

[#中西區]古早味  大銃街  菜粽
海安路二段358號，0918109755
早上五點到十一點"
212,78,不老泉養生館,"[#粉絲優惠] 甲霸來按一下!頌!
即日起，週一至週四凡至不老泉養生館享用腳底按摩(含上海泡腳及肩頸按摩20分&腳底按摩40分)，只要出示台南美食地圖粉絲證明，即可享有粉絲優惠價400元(原價550元)。
請多分享，絕對台南最超值!可多人預約，需加入台南美食地圖粉絲頁始享有優惠!

期限:無限期,限週一到週四
需電話提前預約
老闆海公公的line: 1975641124

不老泉養生館
地址：台南市北區東豐路429號
電話：(06)2368515
營業時間:週一到週日10:00~24:00"
213,183,食內嗑,"泰式涼拌海鮮
外面一般都賣250以上，這裡卻賣80大洋
有新鮮白蝦,鮮蚵,花枝,蛤罵,酸甜洋蔥絲...
用的不是那種泡過藥水沒有蝦味的蝦仁，這點就很令人感動(^__^)誠意十足
颱風要來了，我要打包肥家吃!

食內嗑SNACK泰式小食肆，0931829196
海安路一段51號
營業時間: 1130~2300"
214,193,食內嗑,"這香辣打拋豬拌飯居然只賣80元?
其他涼拌海鮮也是80,椒麻雞蓋飯也是80
我懷疑老闆頭殼燒壞了...
還在吃貴桑桑又不好吃的泰式料理嗎？
那你就遜掉了(^__^)

食內嗑SNACK，0931829196
海安路一段51號
營業時間: 1130~2300"
215,191,胡椒餅北區福州香,"老店了，嘴饞時想到胡椒餅香氣在車廂中流竄的味道就令人頭暈。
來人阿，餵大人吃餅!
[#北區]福州香   胡椒餅
台南市西門路三段107之1號(近公園南路路口) 營業時間：14:00-19:30 
電話：0921218578"
216,350,石二鍋,"【請吃石二鍋】一人得獎、兩人同行 

來辦個活動好了，我們自掏腰包請大家吃火鍋(不好意思經費有限)，您只需要完成三步驟就有機會得到喔^^

獎品名稱：【石二鍋】餐券二張
得獎名額：2名
活動參加截止日期：2014/09/30 止
得獎領獎截止日期：2014/10/03 止

完成下列步驟您就是中獎候選人：

1. 加入台南美食地圖粉絲團→http://goo.gl/659B0R
2. 按讚+分享此篇圖文
3. 留言 【好吃的台南美食都在<台南美食地圖> 粉絲團】

步驟缺一不可，留言請設為""公開""避免我們看不到錯失得獎機會喔！

領獎辦法：

1、請得獎者利用上方""發訊息""留言〈註明姓名、電話、地址〉
2、jack會郵寄餐券給您

ps..照片取自網路"
217,154,全一心火雞肉飯中西區,"原位於康樂街的全一心火雞肉飯，營業已經三十年了，算是在地老饕的口袋名單。
名氣可能不大，但火雞肉與拌飯的油汁可是相當的美味，下水湯更是相當新鮮，假如您不想排隊又想吹冷氣，我想這是個好所在，我們不想讓店家排隊，我們只分享用心的美食。

[#中西區]全一心火雞肉飯
06-2221053,1100-2000
台南市民生路二段260號"
218,134,牛肉湯,"使用六種食材熬出來的湯頭相當濃厚，台南每間牛肉湯的味道都不太一樣，活力的湯則讓人有喝完充滿精力的感覺，店名與產品相輔相成。

[#東區]台南市東門路二段258號
06-2602983,週一公休
週二至週五:下午1700~凌晨0400
假日:中午1200~凌晨0400"
219,148,安南區新厝土魠魚羹,"偶然經過鹿耳門，不訪一食，停車方便。
[#安南區]新厝土魠魚羹
電話 06-257-4288
地址 台南市安南區安明路6段100號"
220,96,牛肉湯中西區阿棠牛肉湯,"原名感性牛肉湯的阿棠位於感性魯味對面，小編喜歡這裡的湯頭與肉質，和其他店家有明顯的差異化，我們認為真材實料又新鮮，那才是美食的根本，而阿棠做到了。
[#中西區]阿棠牛肉湯
台南市中西區尊王路93號
06-2203056
中午十二點至晚上十二點"
221,0,紐西蘭,"https://m.facebook.com/profile.php?id=667912253265515
巴黎人麵包工房從開幕至今一直以來都是使用日本昭和麵粉、紐西蘭無水奶油、澳洲mg奶油、自家炸豬油、而且麵包不添加乳化劑、澎鬆劑、改良劑、香精等等。每日新鮮現做！不販售隔夜！我們知道成本很高~價格上物超所值喔！只因為做好的麵包給大家吃！對麵包有興趣歡迎進來粉絲團看！謝謝"
222,150,牛肉湯文章牛肉湯,"台南牛肉湯很多間，文章是其中比較懂行銷的一間，請參閱。
[#安平區]文章牛肉湯
台南市安平區安平路590號
營業時間 每日17:00-隔日14:00（14:00-17:00休息備料）週一14:00-週二17:00公休"
223,130,中西區老先覺麻辣窯燒鍋,"在台南開了好幾間的老先覺，是多年前小編想要創業加盟的選項之一，在台南推出後一炮而紅，然褒貶不一，對於火鍋控的我來說實在有苦難言，我蠻喜歡這麻辣中藥湯頭的，溫潤又帶著麻辣的鮮香，美賣美賣(^__^)
[#中西區]老先覺麻辣窯燒鍋
住址：台南市中西區府前路二段１４８號
電話：０６－２２１０８００
營業時間：１１：３０∼２３：００"
224,107,薑母鴨永康區周皇薑母鴨,"冬令進補的時間又到了，羊肉爐及薑母鴨業者又蓄勢待發，位於中華路的周皇在歸仁也有分店，生意很好，建議大家要過去吃時先打電話預約哦

[#永康區]周皇薑母鴨
住址：台南市永康區中華路５２６號
電話：０６－２０２１０４３
營業時間：１７：００∼０３：００"
225,122,中西區順億鮪魚,"偶爾嘴饞想吃點品質不錯的鮪魚，想不傷荷包又不打槍就來順億吧，199元的套餐吃的到三片中肚,兩片刺身及鮪魚蔥捲，另外附上鮪魚沙拉手捲及味增湯，值得一提的味噌湯可無限續碗，第一碗魚肉超多，軟油鮪魚滿滿在湯中浮沉，第二碗自行續湯後可以感受湯頭鮮甜魚味。
[#中西區]順億鮪魚專賣店(台南府前店)
地址：台南市中西區府前路二段288號
電話：06-2995596
時間：AM1100~PM2130
網站：www.soonyi.com.tw"
226,126,百里香安南區,"當地庶民最愛平價飽肚餐點，其中的梅干扣肉與蕃茄蛋豆腐是一絕。
百里香是非常傳統的自助餐小店，擁有在地鄉親難以割捨的氣味。

[#安南區]百里香 自助餐
地址:台南市海佃路一段258號
電話:2801046"
227,143,中西區老泰羊肉店,"位於中西區與東區的交界，人聲鼎沸，羊味十足，價格親民，每每經過就是內用與外帶的人潮，由此可見一般。

[#中西區]老泰羊肉店
台南市中西區青年路206號
06 226 2344
正常營業 · 17:00–01:00"
228,1,古早味,"高雄美食/台南美食推薦/雷達觀景土雞城
夕陽、夜景、美食一次滿足！古早味好味道
臉書按讚粉絲頁分享^^
www.facebook.com/101chicken"
229,151,食內嗑中西區,"[粉絲優惠]凡出示台南美食地圖粉絲證明並幫店家打卡按讚，點檸檬雞腿拌米線即可得到泰式奶茶一杯(^__^)好吃呦
店家:食內嗑SNACK  泰式小食肆
電話:06-2227737，
地址:台南市中西區海安路一段51號
營業時間:上午十一點到晚上十二點
店家臉書:https://www.facebook.com/thaifoodwithsnack"
230,81,食內嗑中西區,"[新店粉絲優惠]泰式奶茶原價40元，凡出示台南美食地圖粉絲證明並幫店家打卡按讚，即可優惠10元㊣深夜泰式小食堂
店家:食內嗑SNACK  泰式小食肆
電話:06-2227737
地址:台南市中西區海安路一段51號
營業時間:上午十一點到晚上十二點
店家臉書:
https://www.facebook.com/thaifoodwithsnack"
231,128,三兄弟串烤,"好久不見的三兄弟燒烤
一串13元，買10送一，好吃便宜
生鮮串燒每串11,中秋節大家多多利用
[#南區]三兄弟串烤
文南路347號，06~2912218
下午五點到凌晨兩點"
232,178,王氏魚皮,"凌晨四點，安平路上開始了飢餓的喧鬧聲，此起彼落的點菜聲,殺魚聲,咀嚼聲，聲聲入耳。
新鮮的虱目魚代表著台南人一早精力的來源，除了王氏之外，更多許多台南在地店家為了補足鄉親的體力而打拼!
來吧!來碗肉燥飯，煎塊洽洽的魚肚，幾顆新鮮的魯魚頭，一碗魚皮湯。又是美好的一天(^__^)

[#安平區]王氏魚皮
台南市安平區安平路612號
06 228 8095
04:00–14:00"
233,122,永康區京都日式丼飯,"平實的價格，多汁的豬排。
定食約110元，白飯及味增湯可續!白飯好吃。

[#永康區]京都日式丼飯專賣
06_3126021,永康區中華二路367號
中午11:00-14:00
晚上17:00-21:00"
234,164,北區阿富肉燥飯海產粥,"10元的肉燥飯，膠質是甜美的。
10元的油條湯，湯頭是鮮美的。
雖然漲價過了，但經典依舊，美賣!
[#北區]阿富肉燥飯。海產粥
小北觀光夜市A03攤位"
235,176,順伯雞翅安南區,"海佃路樺谷大飯店周遭，存在許多在地美食。
順伯雞翅便是其中炸雞的代表，微甜的雞排讓人一口接一口，雞腿雞翅咬下去，雞汁汨流而出，也有便宜的熱狗和雞脖子可選擇，你吃過了嗎?
[#安南區]順伯雞翅
06-2586119,下午兩點至晚上十點
海佃路一段237號"
236,157,中西區戽斗米糕,"入夜之後，戽斗一家子開始繁忙。
糯米濕潤的口感淋上肉燥和魚鬆，蚵仔煎微甜的醬汁和雞蛋蔬菜牡蠣相得益彰，各式各樣的湯品,鍋燒及小菜一一下肚。
不需食尚玩家及部落客的大肆渲染，這裡便是你我熟悉的好地方
[#中西區]戽斗米糕
營業時間:1700~半夜，週二休
台南市金華路四段98號
06-2200556"
237,258,永康區,"絡繹不絕的排隊人潮總是每日下午出現在這小店，為甚麼???
因為蔥油餅裡頭包著新鮮肉餡與蔥花，因為老麵發酵的口感嚼起來像是軟滑的口香糖，因為肉包與芝麻球充滿了濃濃的眷村氣息。
小編以前在這裡買房子，因為復國社區的食物總是物美價廉，房子也很便宜。
要是您想來這裡排隊，記得別帶五十元硬幣和大鈔讓老闆夫婦找錢，他們年紀大了，所以會檢查很久很久，而且動作不便，最好是能帶剛好的零錢還有耐心，這是訣竅!

[#永康區]無名  蔥油餅&芝麻球
永康區忠孝路237號
下午約三點開賣，賣完為止"
238,183,中西區雙品香酥豬排,"今天來分享這家愛心商店，老闆常常用各種方式幫助弱勢團體回饋社會，不來給他支持ㄧ下說不過去。看看這豬排的厚度，足足超過1公分有薄薄的麵皮炸的酥脆，裡面的豬排肉質相當軟嫩多汁，ㄧ口咬下雙重口感ㄧ次滿足。店內提供多種口味的豬排可搭配多種醬汁，單點,套餐，內用，外送任君選擇~不來支持愛心店家嗎？

[#中西區]雙品香酥豬排
11:00-22:00
台南市中西區金華路四段72號
06-2226887
每週一店休"
239,239,三口關東煮物,"位在青年路尾的拉亞漢堡前，有一家全台南最有趣的關東煮餐車，老闆彥淋風趣爆笑的談吐總讓人噗嗤一笑，心情不好來這就對了!
這裡的關東煮價格便宜，份量碩大，不像有些店家搶人的價，最愛的是高麗菜捲和苦瓜封，好大一顆!微甜的柴魚湯一碗接一碗，一邊吃一邊聽老闆談笑風生，煞是有趣!
搞不好還能看到他精湛舞藝的演出喔，熱熱關東煮搭上冰涼飲料，飽足,好玩,又不傷荷包，我想，應該很適合推薦給大家(^__^)
[#東區]三口關東煮物
老闆:彥淋彥淋
營業時間:下午四點到十二點
電話:0910751781
地點:青年路398號(拉亞漢堡前)
推薦:高麗菜捲,嘴邊肉,海膽包,苦瓜封"
240,137,圓仔冰安南區,"好熱~jack今天來分享一間俗擱大碗ㄟ挫冰。店名叫""圓仔冰""位在安和路跟長和路交叉口(三角窗那間喔！)，店家只賣圓仔冰30元、清冰15元(加煉乳多5元)。店家用一般砂糖熬煮糖水所以比較不會膩而且用料豐富(見圖)，深獲在地人喜愛.... (冬天賣圓仔湯，也是生意好到不行)

[#安南區] 圓仔冰

安和路4段尾跟長和路交叉口"
241,106,艾力喀,"[#東區] 艾力喀 滷味

今天經過育樂街想起某店家先前有來貼文分享所以就順道來看看。食材種類還蠻多樣，店家說為了讓客人吃到新鮮的食材所以每天都清晨就去菜市場採買，看得出來店家的用心連冷凍食材都用保麗龍裝著保鮮(因為拍照才打開不然都蓋著)，滷汁是店家自行研發，純中藥熬製，不含任何添加物，純天然醬汁。冰友阿！不來給這對骨力ㄟ年輕人鼓勵一下嗎??
ps..聽說雞腳很搶手~因為熬煮多時，肉多鮮嫩且豐富的膠質，具有增加皮膚彈性，減少皺紋美容的功效，對胸部很有幫助唷，愛美者宜食。

艾力喀 滷味
台南市東區育樂街154號拉亞漢堡的騎樓下
16:00-24:00 <週五公休>
0979-296213 <滿200元可外送>"
242,138,永康區珍好味臭臭鍋臭臭鍋,"〔#永康區〕珍好味臭臭鍋
中山南路321號，06-2043525
下午四點至凌晨十二點半

位於中山南路的珍好味，是永康地區臭臭鍋之王，100元的價格有豐富的配料，絕妙的湯頭，每日門庭若市的景象令人飢餓，同條路的同業難以望其項背，想吃，還得排隊。"
243,78,麻豆區,"【#麻豆區】無名  再仔魯麵
地址:無
位置:麻豆前往麻善大橋的外環道上，大仁寺的對面
這一家在地人才知道的魯麵店，店位在麻豆前往麻善大橋的外環道上，大仁寺的對面，沒有店名，但實際店名隱藏在匾額當中，名為“在仔魯麵店“，他的魯麵和一般傳統嫁娶魯麵做法不同，湯頭像是鱔魚意麵羹酸甜的味道，配料則是火燒蝦、花枝、肉絲、豬肝等，相當耐人尋味又可口，另有鱔魚麵及什錦麵，都相當超值！
值得一提的是他的菠菜炒豬肝，是菜單上沒有的菜色，是目前吃過最好吃的一家，其實小編是個不敢吃豬肝的人，唯一能接受的，就是咬下去很嫩又粉粉的粉肝，這道菜真的讓我筷子停不下來，真的很美味！
另外他也有許多黑白切，食材處理相當棒！"
244,1,古早味,推薦天然又好喝的古早味飲料  謝謝https://www.facebook.com/fullair
245,139,北區小麥先生創意料理義大利,"【試賣優惠】[#北區] Mr.Wheat 小麥先生創意料理 - 台南金華店

小麥先生從新市起家，多年後在永康新開一家旗艦店開始導入多樣化創意餐點且重金打造高質感的用餐環境。現在終於進軍台南市區了。二話不說天氣好轉立馬殺去金華店瞧瞧。金華店也是承襲永康店的經營風格，不過走得是另一種路線。jack今天點威尼斯奶油海鮮義大利麵，麵的份量還不少，用料還蠻多的，店家很貼心蝦子身體的殼已經先行剝除了，這點還真的很貼心，附餐有沙拉、玉米濃湯、飲料。這邊現場環境氣氛很讚蠻適合來約會聚餐的~

05/12-08/24試賣期間88折優惠及贈送九折券一張。08/25正式開幕

Mr.Wheat 小麥先生創意料理 - 台南金華店
台南市北區金華路五段3號
06-2220111"
246,102,中西區齊隊長,"[#中西區]齊隊長  涮涮鍋
台南市忠義路二段142號1樓
06-2204735，早11點至晚11
全年無休，除了除夕到初二

民國84年就開業的齊隊長，是小編成長的記憶，這裡的湯頭沒加味精，所以對身體沒有負擔。他們的宗旨不是降價求售，而是真實的反應成本。店裡的裝潢呈現20年前的和風洋食風情，特別的和式醬加入了魚露，沾上肉類令人回味，雞肉使用雞小里肌並用牛奶醃漬。 這是家用心而不假掰的好店。
 我想，他會一直開下去，我也會一直吃下去^_^"
247,48,中西區,"【粉絲發問】 一位幸福的老婆要幫老公慶生，請大家幫忙介紹不錯的餐廳?

台南中西區、南區 ，有氣氛，餐點還不錯的餐廳，2個人，2000$以內，禮拜日晚上~

有好的餐廳推薦歡迎留言喔^^"
248,1,中西區,"可以幫介紹台南中西區、南區
有氣氛，餐點還不錯的餐廳嗎?
要幫老公慶生!!!
2個人~2000$以內
下個禮拜日晚上~拜託"
249,137,中西區阿娟咖哩飯古早味,"[#中西區] 阿娟咖哩飯.鴨肉羹

保安街有很多美食，今天來方分享一 家 <阿娟咖哩飯.鴨肉羹> ，今天點了香菇肉飯、鴨肉羹冬粉、米血+油豆腐。香菇肉飯是用瘦肉+香菇下去拌炒非常道地的古早味。鴨肉羹用清脆的新鮮麻筍去搭配湯頭相當清爽口感很讚~

阿娟咖哩飯.鴨肉羹
台南市中西區保安街36號
06-2248134  06-2209246
11:00~21:00"
250,195,中西區一味品碗粿,"[#中西區] 一味品碗粿

好特別的""傢私""以前吃碗粿最多用叉子，這種的還第一次用過說，他們家的碗粿配料還蠻多的，特別是蝦子很新鮮說。魚羹湯勾芡不是很濃綢喝起來蠻清的口感~聽說店家跟富盛號碗粿還是系出同門~

一味品碗粿
台南市中西區國華街三段177號
06-2288563
07:00~17:00"
251,184,中西區佳佳餐飲屋,"[#中西區] 佳佳餐飲屋

這間是jack無意間發現的，開業二十多年，有點小餓所以先不要點""秘密""改點了什錦炒飯、泡菜冬粉、蔥蛋先祭祭五臟廟先。炒飯粒粒分明，蝦仁很新鮮非晶瑩剔透的凍凍蝦。泡菜冬粉就更不用說了，看圖就知道用料真的很大氣，用餐期間jack觀察到店家對來店客人都如數家珍，我想除了餐點美味可口味應該還多了一份人情味在裡面。難怪滿滿的客人座無虛席~重點是：價格非常親民...蛋炒飯35元....@@不來支持好店家嗎??

佳佳餐飲屋
台南市中西區健康路一段410巷35號
06-2133988
11:00 - 20:45"
252,34,中西區,"在台南有一間好吃的冰店份量超大價格合理
快來 快來 快來

禮物水果
06-2237969
台南市中西區忠義路二段181號"
253,165,麻豆區,"[#麻豆區]無名 排骨酥  碗稞
台南市麻豆區民權路1號
凌晨四點至中午十二點，無公休

位在麻豆農會對面的這間老店，是在地人習慣的小吃，碗稞米漿口感綿滑，吃的到在來米的香甜，不同於市區米漿的偏硬比例及肉燥添加。
排骨酥湯湯頭甘醇，冬瓜清甜更融入湯裡，還不錯~
有空來麻豆，不用去第一市場排隊吃碗稞囉，這家就很讚囉"
254,1,永康區,"所有麵包都使用昭和日本麵粉 無添加 乳化劑  澎鬆劑  改良劑  香精..等 不使用酥油!我們使用 進口奶油 像菠蘿是使用無水奶油只賣20元ㄛ~ 使用高品質的材料但價格上物超所值~地址在台南市永康區東橋五路90號 固定星期一公休  營業時間下午兩點~售完
歡迎來電訂購您喜愛的麵包~我們將為您預留~您可搜尋FB粉絲團專頁 Boulangerie Parisiens-巴黎人麵包工房
https://www.facebook.com/pages/Boulangerie-Parisiens-%E5%B7%B4%E9%BB%8E%E4%BA%BA%E9%BA%B5%E5%8C%85%E5%B7%A5%E6%88%BF/667912253265515"
255,1,古早味,分享天然又好喝的古早味飲料https://www.facebook.com/fullair
256,85,櫻花霜淇淋,"這支櫻花霜淇淋要價120元，還是限定款，不知道版上有沒有人吃過，可以分享一下嗎?

感謝好友 莊姵渝小姐提供圖文資訊^^"
257,85,彩虹大地,"[#東區] 彩虹大地 (長榮分店)

有朋友吃素的嗎??今天jack來分享素食美食。這間是朋友帶jack去吃的。我們點了火鍋、排餐、小菜。jack的排餐運氣好沒白飯直接免費升等五穀飯。說真的排餐無特別之處不過jack卻意外發現，一口辣豆腐一口五穀飯混著吃，居然吃到五穀飯有甜甜ㄟ味道@@猜想是辣引出的吧??他們家的火鍋湯頭相當清甜喝的出蔬果的味道。店家說全是用蔬果熬煮出來的，難怪這麼好喝。有時吃慣大魚大肉偶而來點清淡得也不錯啊！

台南市東區長榮路二段148號
06-2088275"
258,168,永康區歸仁黑輪,"[#永康區] 歸仁黑輪 - 崑山分店 

先前有粉絲朋友推薦這家，剛好下午在附近活動就順道揪朋友來吃。果然名不虛傳，攤子前已經有人再搜刮了。好在jack先前有做功課喔！有點招牌【炸甜不辣】不過有點小失望，外硬內軟口感沒話說，但是甜不辣魚漿味不夠跟jack期望值有落差，但是其他產品水準之上，特別是湯頭很讚，加上紅茶免費暢飲這也大大加分^^

------------------------------------------------------------------------------
台南市永康區崑山里大仁街13號
0926007227
營業時間 14:00 - 19:00"
259,115,品香肉粽肉粽,"[#東區] 品香肉粽 -府連總店

品香肉粽前身為天香肉粽是台南知名粽子店之一。jack超愛來他們總店吃粽子，每來必點花生粽+味增湯，理由無他就是愛吃花生咩，jack每次都要弄上一堆花生粉，粽子沾滿花生粉一起入口，厚~滿足^^ ~~你也喜歡沾花生粉嗎??

品香肉粽 -府連總店
台南市東區府連東路41號
06-2745588"
260,166,方師傅燒臘海南雞飯,"[#安平區]方師傅  港式燒臘
台南市安平區育平路192號
2994416，0929003238
推薦:三寶飯，金牌烤鴨

在健康三街這兒，有許多大樓住家，衍生出樓店大多是餐飲店家來供應在地居民飲食，方師傅的燒臘生意很好，主要以油雞與烤鴨見長，配菜也十分用心不馬虎，另外魚翅撈飯與海南雞飯值得一試！歡迎分享~"
261,36,雙層牛肉吉士堡燒臘,"漫談廣州~(零元手機打字到抽筋版)
傳說中萬惡之都，同時兼顧了中國美食大成的誘惑，小編用10天的時間親身體驗其中的酸甜苦辣，兼容並蓄地與您無私分享廣州最佳攻略模式。
行前準備:手機，充電器，人民幣，背包，一雙好鞋，胃藥，防曬乳，充足的體力，一顆不相信任何人的心。
匯率:約一比五，乘以五即是台幣
交通方式:(去程)
一:高雄至澳門再搭大巴至廣州:此種方式較經濟，但耗費時間與精神相當巨大，澳門航空來回機票加簽證約八千元，但澳門航空的飛機餐只有炒麵和礦泉水，令人咋舌，到澳門機場後等待大巴坐至廣州，耗時約三個半小時，票價為¥180，第一班大巴是中午十二點半，所以要衡量一下到達時間，筆者下車地點為廣州花都，屬於二線城市，在高雄機場時記得一定要申請兩關一檢的藍色標籤貼至行李箱，因為澳門到廣州的大巴路線會經過珠海的兩個口岸，一是拱北，二是橫琴，如果有申請兩關一檢的話可少一道關卡，通行較快速。二:高雄直達廣州:此種方式花費較大，來回加簽證約一萬五千元，而目前高雄僅長榮航空有直航廣州的班次，但直航非常快速，約一個半小時即可抵達，長榮航空的飛機餐與飲料也相當的齊全，省下的時間與金錢成正比，到達廣州白雲機場後可轉搭巴士，計程車，或捷運到達您廣州的落腳處。
(回程)澳門機場:廣州花都搭乘大巴至澳門機場的地方是在秀全大道的新世紀酒店，但一天只有一班，早上七點發車，我想應該很少人坐的到這班車，所以得選擇另一種方式，非常千辛萬苦，千萬別買假日機票。
(方法如下):先想辦法搭車到廣州的白雲機場，在入境處購買搭至珠海的空港快線巴士票¥92，在十二號搭車口上車，約二十分鐘一輛車，上車前記得上廁所，車程約三個半小時，終點站是珠海的拱北口岸，下車後記得千萬不要聽信任何人的話搭車或兌幣，搭計程車過關雖然方便，但到澳門機場後可是會被索取¥500哦，相當於台幣2500元，所以請乖乖的隨著人群排隊入關，假日會排很久，要有心理準備，過了拱北後就是澳門，相同的等待還要再一次，而且澳門關口檢查較嚴格，會等更久，出了關口後請左轉直行至搭巴士到機場的地方，這裡同時也有各澳門五星酒店的免費接駁車，很亂，付給巴士司機¥25就可以抵達澳門機場了，然後就慢慢的等待吧。值得一提的是，澳門機場的消費非常貴，葡幣:人民幣:港幣的兌率是1:1:1，一份機場麥當勞雙層牛肉吉士堡餐為35元(廣州為¥23)，等於台幣175元，厲害吧！在大陸地區洋玩意總是特別貴，台灣的中可來這兒會變大可，小可會變中可，而且沒有甜心卡，一杯中可就要¥8.5，令人稱奇。
廣州六大主軸:食，衣，住，行， 育，樂
食:俗話說:「吃在廣州」，實在沒錯！天上飛的，地上爬的，水裡游的，這兒都有的吃。
地方飲食文化也在這裡及之大成，四川，青島，新疆，青海，福建，香港，澳門，台灣及內地所有飲食文化，只要有心，就能吃的很過癮！
平常的粥，飯 ，麵，粉，煲湯，街上比比皆是，廣東人較少像港仔早上喝早茶，在廣州算是高等享受，這兒的腸粉非常美味，口感與台灣吃到的天差地遠。另外也有炒粉與炒米線。粥的部份較平民小吃的有豬雜粥，稍高級一點的像是潮汕砂鍋粥均非常美味，中國地大物博，所以路很多很大，相對的店面也很大間，常會看到像是香港廟街的大排檔形式在這兒營業，高級一些的會帶著冷氣及裝潢，例如是海鮮酒家，消費就會高許多，但服務卻無品質可言，常點了菜東西不來，在這兒是司空見慣的事兒。
廣東人也愛吃米飯及喝茶，路邊的燒臘店林立，吃飯前喝碗湯暖胃是習慣，有的店會附上免費的例湯，通常都會有熱茶，對於茶葉品質就別苛求了，通常熱茶會拿來洗碗筷，有的店會收取部份茶資，較精明的業者還會分功夫茶與一般茶，價位不同，筆者建議喝一般的就可以了，假如吃的是例餐，像是燒鴨飯，價位會落在¥10¥12¥15三種，越貴肉越多 ，飯量和香港一樣，都很多吃不完，用的是泰國香米，口感會有點騷騷(台語)的感覺，路上許多隆江豬腳飯，記得認明正宗字號，才真的好吃。
廣東的煲湯是一絕，常見的蟲草花燉肉汁便是代表，喝湯叫菜時記得說不加味精，不講的話一定加。
(未完待續)"
262,129,中西區,"[#中西區] 日東豚骨拉麵

jack那天點了招牌拉麵，傳承日本老師傅的作法。豚骨湯底搭配日本香醇醬油，為了更貼近台灣人的口味。特調不死鹹更甘甜。

台南市中西區府前路二段258巷33號1樓 
06-2991240
週一至週日 11:00~14:00、17:00~21:00"
263,95,新市區佳香味胡椒餅,"[#新市區]佳香味現烤胡椒餅
電話06-5996892
地址台南市新市區中山路280號(新市火車站前)
營業時間2:00PM~7:00PM

經過省道，總會停下來買幾顆充飢，保證讓你車上充滿肉香蔥香胡椒香，小編也愛咖哩餅，相信您一定不陌生^_^"
264,160,阿明牛肉湯,"[#安平區]阿明牛肉湯
2972557，育平四街43號
推薦:牛肉燴飯，牛肉麵

60元價格便宜，冷氣開放，湯可續，飽胃好朋友！"
265,230,洛克爍克永康區,"這碗80，來碗要嗎？

洛克爍克自助冰店
台南市永康區小東路201號
06-2098768"
266,111,中西區湯關東煮安南區,"[#中西區]湯關東煮(有賣雪淇冰)
台南市保安路11-1號，2236510
無固定公休，1400~2400

原來在安南區本淵寮夜市營業四年的(侯)湯關東煮，搬遷後小編找了好久，念念不忘它的炒米粉和柴魚湯頭，美味哦。
令人高興的是炎熱的夏天多了25元的雪淇冰及飲料，它的魯肉飯使用全瘦肉及紅蔥頭，也非常好吃^_^"
267,230,永康區金記燒臘,"[#永康區]金記  燒臘
南台街10-1號，週日休
推薦:排骨飯，烤鴨飯，叉燒飯

隱藏在南台校門出來右轉的巷內，一直是南台學子飽胃終極武器，飯量與肉量幾乎是一般店家的兩倍，60元的價格與10幾年前無異，建議您第一次來可選擇小編推薦的菜色，記得吃飽要運動！"
268,2,古早味,"高雄美食/台南美食推薦/雷達觀景土雞城
夕陽、夜景、美食一次滿足！古早味好味道
臉書按讚粉絲頁分享^^
www.facebook.com/101chicken"
269,173,中西區阿伯果汁,"[#中西區]無名  阿伯果汁
地址，電話:不提供！(阿伯才一個人)
提示:民權路""德輝苑""對面
週六休

一杯15元的綜合果汁及水果切盤，非常好喝份量也大，小編從讀協進國小時喝到現在(以前藏在民族路阿誠牛肉對面小巷)，和阿伯感情很不錯，所以答應他不打廣告，只提供訊息。
水果不是漂亮的，所以如果您吃習慣了X成或X吉等昂貴水果，就不建議來喝，事實上內行人知道，外表漂亮的水果不一定好吃香甜，反而醜醜的才是重內材，可惜現代人往往被外在迷惑，實為憾事！
阿伯只是想賺個老人工沒想要賺錢，大家有空陪他多聊天吧。"
270,172,肉粽菜粽,劉家肉粽的醬料偏甜，較適合菜粽，吃肉粽時教大家特別吃法，就是請她在肉粽上加些花生粉，自己再加些許蒜泥，這樣就很對味了^_^
271,123,永康區功夫廚神,"[#永康區]功夫廚神  豬腳飯
東橋一路26號，3020067
營業時間10~14，17~21
推薦:滷豬腳飯，炸豬排飯

60元的便宜價格，裝潢精緻的用餐空間，全開放的烹調環境，滷豬腳真的有功夫，吃了頻點頭，好吃！比我滷的還好吃^_^"
272,194,魏姐包心粉圓,"[#東區] 魏姐包心粉圓-台南東門店

今天開幕，剛好在jack家附近，所以就搶先來嚐鮮，還蠻多人的。點的是包心綜合布丁:布丁打底鋪上二球雪綿冰,花生仁,大小紅豆,綠豆仁,紫米加上小盤的包心粉圓。產品跟jack期待的有落差，看來jack還是比較喜歡吃挫冰說~

魏姐包心粉圓-台南東門店
台南市東區東門路二段180號
06-2909068"
273,111,永康區,"[#永康] 芋麥薏 冰品

有吃過使用冬瓜糖水的挫冰嗎？店家老闆說:怕黑糖太甜會膩所以改用冬瓜糖水。店內挫冰多數配料也都是自己熬煮，銷售期全程冷藏保鮮，堅持新鮮販售。老闆自己還買ㄧ台冰淇淋機，也是自己研發口味。真的，天然的口感就是不ㄧ樣。找個時間來吃吃吧！

芋麥薏 冰品
台南市永康區永華路121號
06-2059631
11:00-21:00"
274,94,中西區兩津日系燒烤,"【#中西區】兩津日系燒烤
台南市海安路一段51號、0982123904
營業時間：晚上七點到十一點，最後點餐時間十點半、週日休
推薦：特製手工煨香蕉、黑松露鵝肝醬澳洲和牛紐約克、超甜玉米筍、炙燒松露巧克力

三年前在安平創業的兩津，小編就與老闆認識了，沒有學過任何廚藝的他，憑著畫出食物美味的天份研發了將近三百種隱藏菜單，並隨著食材季節的變幻來決定當天的隱藏料理。
後來搬到了青年路巷內，生意好到都吃不到，後來也是因為被檢舉才搬到海安路。
兩津的燒烤非常有創意而且美味，為了讓大家留下回憶，便決定把它分享出來，老闆雖然不是餐飲出身也從沒學過料理，但菜色真的很厲害，服務態度也很好，而且他是一個人招待、做菜、送菜、洗碗、結帳，料理的速度也超快，實在不知道他是怎麼辦到的？
另外一提，老闆很有個性，有時提早賣完就收了，所以建議大家可以先打電話詢問喔，老闆說他會做到七月中旬左右，店內有暗黑料理，未來計畫會開黑暗餐廳，就讓我們拭目以待吧^_^
店家臉書：https://www.facebook.com/Ryoutsu?ref=hl
隱藏菜單：https://www.facebook.com/media/set/?set=a.461369560573415.107954.259342414109465&type=1&l=f2c2f8f8b1"
275,97,中西區義大利,"[#中西區]瑪可里尼義大利麵
地址:西門路1段703巷6之1號
電話:06-2202178
營業時間:1130~1500，1730~2100，週二固定公休，週日晚上營業
推薦:韓式綜合海鮮手工麵

瑪可里尼是由一對年輕夫妻所經營，俊男美女的組合讓人用餐時帶著好心情。小編一週至少來吃兩次，主因是因為他們的果香紅茶好喝，而其中的義大利手工麵煮起來醬汁濃稠，而且很有飽足感，吃完的時候剛好醬汁用鑿，無私的推薦給大家^_^"
276,96,中西區,"[#中西區]正 嘉義火雞肉飯
地址&電話:如便當盒所示
推薦:火雞肉飯，火雞翅，雞腳

小編嗜肉，火雞肉低脂多汁，但美味程度較難與嘉義地區相提並論，主要差別是在火雞肉的烹調方法，及肉汁內動物性油脂比例的不同。
文賢路上的這家，小編家已吃多年，算是很習慣的味道，飯上量頗多的火雞肉，搭配脆瓜及筍絲，倒是很不賴的搭配，推薦給你(愛吃肉可再點火雞翅，粉大隻)！"
277,95,中西區郭記肉粽肉粽,"[#中西區]郭記肉粽
中華北路2號(老闆認為)
0939151929，週日休
晚五~早十

小編肚餓首選，肉粽肥油絕美，雖然個兒小了點，但搭配味增湯與紅茶便是美味的夜消。
小編曾宅配50顆肉粽，裡面卻有兩顆全瘦肉的經驗，還跑去跟老闆退貨換肥的，記得多討一些肉汁來配肉粽，真的讚！"
278,200,中西區豐發黑輪,"[#中西區]豐發黑輪
正興街90號，0929268858
14~21，每週三公休
推薦:200元綜合生魚片，220鮭魚親子丼

黑輪店生魚片會好吃？？真假？在去年小編來豐發吃的時候也是有這疑問。藏私了很久，在份量品質與價格終於穩定下來後分享給愛吃沙西米的你，雖然我也懷念過去的超大份量，但物價上漲與海洋魚貨的短缺卻是不爭事實。
鮪旗鮭紅甘肚，一起夾起吃下肚！"
279,111,北區,"[#北區]秘店  永和豆漿專賣
北安路一段126號，2829987
週六休，晚8至早8營業
推薦:九層塔蛋餅，草莓土司

九層塔蛋餅台南不少人賣 但能做到美味無比又用心的不多。九層塔只挑最幼嫩的葉片，細心的去掉了梗，煎成蛋餅香氣十足，淋上特製辣醬油，我想，還是讓你的嘴來證明吧^_^"
280,102,中西區清根朱過魚湯,"[#中西區]清根朱過魚湯
海安路一段99號
不定期公休
推薦:味增朱過魚湯及生魚片

很久以前海安路未擴寬前，清根的隔壁就是全生，當時兩家中間有挖小洞，當清根的客人想吃肉燥飯時，就從小洞向全生遞取，是一段逗趣回憶。
清根的客人都是在地熟客，往往燙隻小卷，切些小菜生魚片，來瓶台啤，就是粗曠的下午茶。"
281,85,中西區,"[#中西區]武聖路4號無名乾麵
電話:無
地址:如標題

台南每間麵店都有他的招牌，這家的招牌是沙茶意麵，餛飩為自製，搭配冬菜及海菜的湯頭令人懷念。
武聖點心城共有三間麵店，其中較大間的一家已停業，剩下的另一家汕頭意麵是老饕最愛，我們下回介紹。"
282,342,永康區,"[#永康區]百年老店  鍋燒意麵
台南市永康區大武街57號
0938511438，公休未定

身為南台之光的小編，當然要常回去南台街走走，在大武街新開的百年老店鍋燒，是新開的分店，湯頭鮮美用料扎實，現場可以看到牧場直送的土雞蛋還有新鮮的厚殼仔鮮蝦，意麵稍硬的口感，令人吃了點頭，真的好吃！真心推薦給愛美食的你(妳)"
283,127,中西區阿文豬心,"【#中西區】阿文豬心
地址：台南市中西區大智街92之1號 
電話：06-2244137 營業時間：16:00~24:00不定時休息

今天不談歷史，只是單純愛吃美食，所以別提什麼黃氏湯多好、阿明排隊排多長，老闆記性有多好、大胖多用心之類的話，沒什麼好比的。
豬內臟料理中，小編的罩門是豬腦，實在是不敢吃，其它的一概下肚，當然，如果你來到了保安路想排阿明，在這炎熱的盛夏，真的要想一下。
我會建議你可以來附近的大智街吃阿文，車子停免費的保安市場停車場，走3分鐘過去就到了。
你吃過了嗎？"
284,124,張媽媽梅子雞咖啡庭園,"【#楠西區】張媽媽梅子雞咖啡庭園
06-5751177、台南縣楠西鄉梅嶺33號
推薦：薑黃雞、梅子雞湯、三杯雞、附贈梅子汁

位於梅嶺山腳下的張媽媽，是座佔地廣大的吃雞聖地，她附贈的梅子汁，真的非常非常開胃好喝，雞料理用料實在新鮮，吃的出是新鮮的放山雞。
吃完了雞可以去旁邊的休閒設施走走，這裡也附設了咖啡庭園(假日才開，由張媽媽女兒負責)，咖啡豆採用市區魚羊鮮豆同等級的烘焙豆~~苦澀回甘、香氣淡雅，有時也能吃到咖啡糖漬檸檬。
一個人的午后，不妨來這裡走走吧，帶家人同遊也是美賣喔^^"
285,138,中西區豪客牛排,"[#中西區]豪客牛排
台南市民生路2段178號
(06)2254099
推薦:中午才有100元豬排套餐

前身是牛谷的豪客，自從辦完團購生意一直沒有起色，但仍推薦他們中午才有的豬排套餐，100元很超值，有沙拉吧冰淇淋飲料吃到飽，附贈濃湯湯頭濃郁料多，鐵板上的麵居然是意大利麵，也是蠻厲害的哦~~"
286,130,新化區街役場,"【#新化區】街役場-1934古蹟餐坊
電話：06-5905599，週一公休
台南市新化區中正路500號，營業時間：1100~2200
推薦：雪梨嚴選大丁骨牛排、牛肉小火鍋

當小編想吃丁骨牛排時就會跑來這裡，雖然有稍微醃漬，但整體餐點搭配起來仍是物超所值，街役場是舊時「大目降」的一棟古蹟，在酒足飯飽之後，周遭都有相關的文藝活動讓民眾可以走走，是很棒的文化美食之旅！"
287,116,中西區阿枝牛肉湯,"[#中西區]阿枝牛肉湯
成功路626號，3583537，週二休
小編和阿枝嬤感情很好，80元的上肉，份量仍冠絕台南，肉的品質不一定，部位是腿肉，軟嫩度決定在牛隻年紀，常來的人才能體會。"
288,112,北區,"[#北區]小北觀光夜市A21攤位
062527316，週二店休
60元牛肉麵，採用美國牛肋條，湯頭中藥氣味濃厚，好吃便宜肉大塊。
10元大骨菜頭湯超值。
70元炒牛肉醃的剛好。
介紹給大家"
289,9,上品養生藥膳美食,"店家名稱【上品養生藥膳美食】
營業時間：下午17：00-晨04：00
地址：金華路三段116號
電話：2252999
我想最近一堆標榜天然，卻用粉或醬調出來的東西大家都被騙怕了，這家是真材實料所有中藥材都放在盅裡，吃到最後滿滿是藥材"
290,3,麻豆區白面東楊桃汁,"[#麻豆區] 白面東楊桃汁
家傳近五十年，古法釀製出獨特好喝的楊桃汁，以最天然的原味呈現。堅持「新鮮、健康、自然」
6/14-6/15開幕大杯只要10元
6/16-6/17買一送一
麻豆區興中街165號
06-5715888"
291,99,中西區,"[#中西區] 中山路8巷無名米糕

今天jackㄟ朋友來這間無名米糕用餐，跟jack推薦這家cp值很高值得分享，所以就請朋友幫忙拍一些照片。看到那碗肉燥飯的肉燥油亮油亮的肚子就餓了起來，jack最愛吃這種的肉燥飯。乾麵的配菜+肉片也蠻多的，就是不知道味道如何，朋友是蠻推薦的可想而知味道應該很讚，價位上來說確實很便宜，找一天jack 一定要來去吃吃><怎麼可以錯過這樣的美食勒！你要跟嗎?

附上 倫敦男孩 的食記參考 http://goo.gl/OGm9LC

感謝 鄭家惠 粉絲朋友提供相關照片"
292,120,阿財牛肉湯牛肉湯,"[#安平區]阿財牛肉湯
台南市安平區古堡街5號
06-2261252
推薦:牛肉湯，牛雜湯，牛炒飯

採購整頭牛屠宰的阿財，可以吃到各種部位的牛肉，值得一提的牛雜湯用料豐富，內有舌心肝腸肚，牛肉炒飯香氣十足，配料區的小魚辣椒及辣醬油均十分大氣，湯可續！是間令人滿意的店。
建議您週三用餐，牛肉最鮮！"
293,200,阿輝黑輪,"[#南區] 阿輝黑輪

這家在台南小有名氣，jack很久以前有來吃過，那時還是老舊鐵皮屋，現在都翻新了環境上加分加分。東西品項上無所差異，香腸感覺是自家醃製的味道還不錯，黑輪建議用烤的比較可以吃到雙口感(外硬內軟)，湯是附贈想喝多少請自己舀喔！有時來吃吃也是滿好的~

阿輝黑輪
台南市南區大林路121號
10:30-18:45
星期一公休"
294,118,岡山羊肉,"[#東區] 岡山羊肉(東門路)

晚上經過人總是很多，先前旁邊店家火災受到波及，整修一段時間已重新營業。聽朋友說還不錯吃，因為jack不吃羊肉所以沒辦法親自嘗嘗><，有吃過的人要給評價嗎??

岡山羊肉
台南市東區東門路二段318號
06-2690160"
295,0,古早味,"古早味手工百香果汽水來囉
https://www.facebook.com/322019581280162/photos/a.322260154589438.1073741827.322019581280162/325413364274117/?type=1&theater"
296,2,義大利,各位大大及小編們，有推薦台南的義大利麵店嗎? (主要是麻煩大大們推薦東區)
297,103,中西區吳家鱔魚,"[#中西區]吳家鱔魚  職人專賣
台南市金華路四段69號
0932466668
下午五點到凌晨一點

很難得能免費喝到藥膳鱔魚龍骨湯，非常費工！台南唯一
主角的乾炒鱔魚米粉，魚肉量多鮮美。
川燙鱔魚是一絕，鮮度第一，值得品嚐！"
298,117,中西區,"[#中西區 ] 北門路合作金庫旁無名雞蛋糕

很骨力的老闆白天上班晚上加賣雞蛋糕，都晚上快八點了還在打拼。口味有五種，餡料都老闆自己研製，卡通的造型很可愛，味道不會太甜，外表微硬內部還蠻蓬鬆的。有吃過<冰的雞蛋糕>嗎？有機會可以來嚐嚐喔！

無名雞蛋糕
北門路青年路交叉路口合作金庫旁
一 ~五 17:00 - 賣光
六<U+4E36>日 14:00 - 賣光"
299,132,北區老牌雞蛋糕,"[#北區] 老牌雞蛋糕 (二、五小北夜市，三、六武聖夜市)

先前武聖夜市文有粉絲朋友提到這家，碰巧jack經過他們本舖，就來給他交關一下。告近攤子就聞到雞蛋糕的香味，難怪生意這麼好，這次只買了原味來品嘗。外表有點焦裡面很酥軟，外硬內軟的口感真得好吃。店家有加了點蜂蜜進去，所以味道跟口味才跟一般有所不同。口味有原味、紅豆、奶油三種可選擇。

老牌雞蛋糕 
台南市北區文賢路522號
15:00-賣完就收"
300,107,中西區古早味碳烤,"[#中西區] 古早味碳烤甜不辣、黑輪

這是 馬廣濟杏仁飲 朋友推薦的，果然jack來到攤位前一堆客人，想說完蛋了要等很久，還好老闆手腳夠快，原來甜不辣、黑輪老闆先油炸過再上烤台燒烤，這樣會有外硬內軟的絕佳口感，一支10元很便宜，來國華街可以買幾支解解饞喔！

古早味碳烤甜不辣、黑輪
台南市中西區國華街三段22號"
301,158,麻糬瑛,"[#東區] 麻糬瑛~5元麻糬

jack還蠻喜歡吃的，麻糬很Q,內餡還蠻多的，ㄧ顆才5元很便宜，重點是現做才好吃。有10種口味可以任選，但jack都只喜歡吃花生跟芝麻，那你呢？"
302,174,中西區慈恩素食,"[#中西區]慈恩素食
台南市郡西路70號
營業時間:早上時段，每週日休
吃素其實很貴，小編隨便吃都破百，這家慈恩素食很佛心，小編吃這堆才70，而且還有免費菜湯喝，不讚嗎？"
303,230,洛克爍克,"[#東區] 洛克爍克冰店

將將將，網路評價超讚CP值超高ㄟ芒果牛奶雪花冰終於上市了。底層鋪上牛奶雪花加上自製芒果雪花打底，淋上道地土芒果製成到芒果醬，週邊再鋪上特製到布丁條，冰峰頂放上ㄧ球芒果霜淇淋，最後情人果點綴，完成。真的很讚吧！天氣熱死了，不來吃嗎？

洛克爍克
台南市東區小東路201號
06-2098768"
304,199,安南區,"[#安南區] 料好實在ㄟ無名酪餅

這是jack以前在安和路上班時的下午茶口袋名單，前幾天經過時再去買來回味一下。看看這樣一份25元還加蛋加蔬菜(青菜+豆芽菜)，現在真得很難找到了，老闆娘很感嘆的說現在生意不好做，薄利多銷，有經過還是住附近的朋友可以去交關支持一下喔！

無名酪餅
台南市安南區安和路三段275號
0956579901
15:30-20:00
公休日：每週日、清明節、中秋節"
305,173,六鼎食堂古早味,"[新店優惠]六鼎食堂
鍋燒系列送大杯飲料50元
鍋燒湯頭偏甜，是古早味柴魚湯頭，內有炸蝦及炸魚，另外加了古早味櫻花麩，開幕優惠。
地址:西門路一段703巷20號
06-2238130"
306,230,學甲區,"[#學甲區] 無名雞蛋糕

有看到亮點嗎??這是jack意外發現的，好特別蛋糕模子，重點是有浮字，大、吉、福、旺。想讓自己更吉更旺有福氣的請別吃錯喔！

學甲區中正路跟濟生路交叉路口"
307,230,中西區禾野屋,"[#中西區] 禾野屋 日式家庭料理

菜名叫 炸蝦天婦羅定食。整個還蠻""青操""的。配菜有味增湯、海藻沙拉、茶碗蒸、漬菜雙拼、豆腐酪。二之炸蝦還蠻大隻的，店家交代蝦頭會有蝦膏小心食用避免沾汙衣物，海藻沙拉很清新爽口，漬菜是牛蒡絲+黑甜豆這還算蠻常見的，味增湯口味不是很鹹清清淡淡的好喝，豆腐酪最後才吃，清涼滑嫩蠻合適的飯後甜點，整餐下來jack有點小飽~(打嗝)

禾野屋
台南市府前路二段203號
06 2229878
11:00-13:30     17:30-20:30
周一公休"
308,86,學甲區利達豆花,"[#學甲區] 利達豆花-手工製作、天然嚴選

豆花採用非基因改造黃豆純手工製作，特別是加入海菜粉非一般傳統得石膏粉所以豆花吃起來有點Q度，搭配二砂糖翻炒製做的糖水，無糖豆花遇到微甜的特製糖水~絕配。當然也可以加入紅豆、綠豆、薏仁等配料！
老闆娘非常很好客，聽說我們從東區來，陸續給我們試喝豆漿、仙草茶、海燕窩、仙草凍，吃的jack肚子好撐。說真的跟老闆娘言談中，深深感受到他們對產品天然的訴求、對食材的用心~~感謝 Snow Kuo粉絲的推薦^^

學甲店
電話：０６－７８３８６５８
店址：學甲區中正路２５２號
營業時間：ＡＭ０９－ＰＭ０９

佳里店

電話：０６－７２３５４０７
店址：佳里區安北路４２號
營業時間：ＰＭ０１－ＰＭ０６"
309,199,學甲區永通虱目魚粥,"[#學甲區] 永通虱目魚粥~飯+湯30元搞定

學甲在地人推薦的必吃美食，jack既然來了當然不能放過。看看這肉燥飯有夠大碗的而且才賣10元@@~虱目魚丸湯很鮮甜喝得到魚鮮味，大大的三顆魚丸(應該是手工的)一碗20元@@，蚵仔粥滿滿的料(初估蚵仔有十多隻)，後><只能說學甲人太幸福~

永通虱目魚粥
台南市學甲區民權路60號
06-7839308
05:20-20:30 (14:00-15:20休息)"
310,2,古早味,"在地的台南人，一定要去朝聖的地方
出呼意外的好吃^^

料多實在，口味很多都是吃不到的
像是：除了一些常見的口味之外，還有珍珠奶茶口味、起士醬+馬鈴薯類的、芒果口味的（選用玉井愛文）、還有最最最有古早味的黑糖粉糕，可滿足愛嚐鮮的朋友們：）

歡迎來店品嚐

地點：台南-南方公園-南方紅豆餅

粉絲團https://m.facebook.com/HQ111"
311,325,永康區,"芒果霜淇淋39元~買ㄧ送ㄧ

85度C台南地區目前只有永康中華店獨賣，六日才有販售，上次沒吃到到這次可以找個時間來嚐鮮ㄧ下。這次有推出香草跟綜合口味，您可以ㄧ次選二種不同口味，這點蠻貼心到有加分。(霜淇淋圖片取自網路)

85度C 永康中華店
台南市永康區中華路826號"
312,168,榴槤煎餅,"我的天阿
這府前路上新加坡美食的""榴槤煎餅""好臭阿~~~~
可是也超級好吃！
甜蜜的臭氣餅是我對他的匿稱"
313,6,奇奇亞中西區,"來來來 來 奇奇亞 甲冰囉

奇奇亞以新鮮水果製作的手工冰淇淋、優質食材手工製作

堅持品質的保證  不添加所謂的香料與色素

堅持原料天然的好食材、要求最好品質

每天提供10幾種豐富口味供選擇，歡迎來奇奇亞體驗台南人情味 試吃健康的冰品喔

奇奇亞義式手工冰淇淋 聯絡電話:06-2233909 台南市中西區國華街3段172號"
314,52,白花亭玉子燒,"【 白花亭玉子燒~開獎了】恭喜10位得獎人^^

恭喜這10位得獎粉絲獲得爆漿起司口味玉子燒

請得獎粉絲在2014/05/24前完成領取兌獎憑證資料

兌獎憑證領取辦法：
1、請得獎者利用右上方""發訊息""功能留言姓名、電話
2、我們統一5/25號凌晨FB粉絲團回傳得獎憑證+兌獎驗證碼
3、請於兌獎期限內至 【白花亭玉子燒】 兌換"
315,120,泰灣曼谷,"【#南區】泰灣曼谷99元商業午餐
地址：台南市南區樹林街二段281號 
中午營業時間：1200~1430，請準時十二點整入座
電話 : 06-226-2627
推薦：週一至週五中午才有的商業午餐，均一價99元，通常以椒麻雞、酸辣魚片為主，每日菜色不同

店裡頭有隻可愛的西施犬，完全不怕人。在等待餐點上來的同時可以與他對望，台南最超值的價格，舒適的冷氣用餐環境！三樣小菜、主食與主菜、湯品與泰式紅茶，99元的價格台南絕無僅有，附近上班族懂門道的通常會在十二點二十左右入場完畢而客滿，上菜速度不快，請耐心等待，如果可以的話，小編很願意每天來報到！"
316,136,燒臘,"【#東區】崇德市場 10元紅豆豆花
位置：流動性擺攤，通常會在崇德市場入口&聚香園燒臘中間
營業時間：上午早市時段
推薦：紅豆豆花、銀耳湯
小編看一堆人都跑去吃貴桑桑又不健康的豆花，在這種大熱天還得大排長龍汗如雨下，就覺得好難過。
台南許多市場裡都有便宜、手工、又美味的豆花唷，想吃的話可以先去買回家裡冰箱冰，真的很好吃，這一家有時還會出現5杯40元的大特價，只要有心，我相信你一定會找到的^_^"
317,3,永康區,"捲心蛋糕禮盒(蛋奶素)

店名：展翼烘焙庇護工場
地址：台南市永康區富強路二段301號
電話：06-2013217    0982576802
FB：https://www.facebook.com/zhanyibakery?fref=ts

兩種口味(芋頭/咖啡) 價格180元

鬆軟綿密的蛋糕，捲入飽滿的餡料
濃、醇、香的美味口感
令人一嚐再嚐

※本產品採新鮮現做，請於五天前預購。"
318,99,白花亭玉子燒,"【抽獎活動】感謝 ＊白花亭玉子燒，爆漿起司的震撼。 

您只需要完成三步驟就有機會得到喔^^

獎品名稱：爆漿起司口味玉子燒
得獎名額：10名
活動參加截止日期：2014/05/21 止
得獎領獎截止日期：2014/05/24 止
獎品兌獎截止日期：2014/06/30 止

完成下列步驟您就是中獎候選人：

1. 加入台南美食地圖粉絲團→http://goo.gl/nbn50
2. 按讚+分享此篇圖文
3. 留言 【好想吃白花亭的爆漿起司玉子燒】

想提高中獎率嗎?? 
請加入 白花亭玉子燒 粉絲團~> https://www.facebook.com/eggcheesehouse

步驟缺一不可，留言請設為""公開""避免我們看不到錯失得獎機會喔！

領獎辦法：

1、請得獎者利用右上方""發訊息""功能留言〈註明姓名、電話〉
2、jack會回傳得獎憑證+兌獎驗證碼
3、請於兌獎期限內至 白花亭玉子燒 兌換

【白花亭玉子燒】
星期四 : 佳里夜市
星期五：善化夜市 (12排9號)
星期日：新市夜市 (在阿華生活飲茶對面) 歡迎光臨 ^^"
319,133,中西區阿浚師,"[#中西區]阿浚師 魯麵
地址:台南市民族路二段369號
電話:2240344/0919852199
推薦:魯麵，魯蛋，菜尾湯
台南魯蛋最好吃的店家！
失尋已久的老味道，小編在這兒找到了.....感動中...."
320,2,義大利,有推介的義大利麵店嗎?
321,108,白花亭玉子燒,"[#夜市美食] 白花亭-玉子燒

很特別的美食，年輕老闆自行研發專屬口味，Jack今天點了""爆漿起司""，特製蛋液煎製成的柔嫩玉子燒，內餡有金黃玉米粒，爆漿Colby jack超濃奶香起司，表層淋上美乃滋最後灑上些許柴魚片~完成。滿滿人潮就知道有多受到歡迎。

星期四 佳里夜市
星期五 善化夜市
星期日 新市夜市"
322,125,中西區,"[#中西區] 小西門青草茶
西門路上的小西腳青草茶，jack超愛喝他們家的青草茶，入口冰冰涼涼的真是消暑，舒服^^，當然外帶幾瓶回家是ㄧ定要的。朋友說他們的蓮藕茶也很讚~剛剛發現店家現在也有賣冬瓜茶@@"
323,121,藤喜家,"[#安平區] 藤喜家-勾勾霜淇淋

今天去一趟安平老街，有家店外人潮聚集，原來是開幕慶，販售韓國引進的霜淇淋，造型蠻特殊的但價位也不便宜，jack是沒去買啦！(忽然覺得小7跟全家比較溫暖，麥當當最貼心了)，有人吃過嗎??

ps..產品照取自網路

藤喜家-勾勾霜淇淋
台南市安平區安平路788號
06-2202757
12：00-20：00"
324,1,古早味,"高雄美食/台南美食推薦/雷達觀景土雞城
夕陽、夜景、美食一次滿足！古早味好味道
--------------------------------------
入夜後，可以在本店鳥瞻大高雄及台南夜景，
高雄市台南市燈光夜景皆可盡入眼簾美不勝收
臉書按讚粉絲頁分享^^
www.facebook.com/101chicken"
325,12,利達豆花,"我很常去學甲慈濟宮拜拜,每每去都會順道吃一下廟附近的美食,這間利達豆花店我已經去了不下數十次了,最近一次去才跟老闆.老闆娘閒聊了一下,發現他們對於自己的豆花要求很高,除了豆花本身是用非基因改造的大豆製成,連配料紅豆也是使用有機紅豆,最讓我流連的糖水也是手工炒的,因為感受到店家的用心,所以替他們宣傳一下!
現在店家為了服務沒辦法到店用餐的顧客也推出桶裝團購服務,喜愛吃豆花的人可以捧場一下喔!除了豆花外還有嫩仙草也不錯吃喔!這麼用心的店家希望大家可以支持!
https://www.facebook.com/T7838658
臉書上有更多店家資訊喔~"
326,98,永康區,"【台南市區沒有~暈了】7-11 比利時巧克力風味霜淇淋

南站門市 台南市仁德區中洲里中洲1-15號1樓 
新康華門市 台南市永康區大橋二街38號 
東山站門市 台南市東山區科里里枋子林74-6號 
高鐵南站門市 台南市歸仁區沙崙里歸仁大道100號 "
327,115,中西區,"【#中西區】20元城碗貴 魚羹
地址：台南市康樂街248號
在物價拚命上漲的今天，還能維持原價不上漲，堅持食物品質的店家不多了，雖然這個碗貴才20元，但內容可是一點也不含糊，貴的本身相當Q軟，還吃的到新鮮的火燒蝦、里肌肉及香菇，20元的魚羹更是一點也不偷料，請大家和Jacky一起支持這用心良苦的店家吧~~"
328,75,中西區土魠魚,"[#中西區] 公園口土魠魚羹

先前有聽朋友提過這家，今天下午經過索性就來初體驗一下，騎樓下營業所以位置不多，jack只好跟其他客人併桌，點了小碗的(忘記說不要香菜><)，魚肉有四塊但不是很大塊，湯汁水水的不像多數比較濃稠，味道偏甜符合南部人口味，整體來說不錯吃~建議可以的話叫大碗的量比較多感覺比較划算

台南市公園路265號(台南公園正對面)"
329,71,古堡蚵仔煎,"[#安平區] 古堡蚵仔煎

聽說這家在安平開很久了，以前在安平古堡旁後來才遷到效忠街現址。門口招牌很明顯有電視台採訪過，不過jack才不鳥有被採訪這招，我們點了蚵仔煎跟蝦仁煎，哇！有二種醬汁(神秘紅醬+醬油膏)，jack點的蚵仔煎蚵仔很新鮮，二種醬汁混搭著一起吃別有一番滋味。量有點大吃得有點小撐，當然價格也是不便宜~一份60兩

台南市安平區效忠街85號
06-2285358"
330,112,阿喜古早味蛋糕,"[#安平區] 阿喜古早味蛋糕

跟朋友去安平老街朋友送的，蛋糕還蠻有份量的ㄧ個100元算是便宜了，上層黃色部份是做鹹口味但是微微的鹹不會太超過，下層白色是甜的口感蠻綿密的，沒想到還可以鹹甜混搭吃，沒吃過的可以試試喔！

台南市安平區平生路31號
06-2507309 06-2283092"
331,112,中西區,"[#中西區] 悅津鹹粥

台南很有名的鹹粥店，而且24小時營業，價格算是很平價，jack每次來必點蝦仁飯+狗母魚丸湯，還會點些家常小菜下飯，當然他們的鹹粥也是很讚的，半夜肚子餓想吃個粗飽得可以來這裡喔！(為什麼沒產品照~因為怕大家看著看著肚子又餓了><)

地址：台南市中西區西門路二段332號
電話：06-2228490"
332,157,中西區焗烤壽司,"[#中西區] 焗米G-Me焗烤壽司

壽司搭配焗烤方式呈現還蠻特別的。口味約有10多種，主餐+湯品+小缽(小菜)，我們選了德式香腸跟澄汁鳳梨蝦，分成小塊ㄧ口ㄧ個蠻貼心的設計，只是份量上略有不足(jack是重飯的人)，如果想嚐鮮的朋友可以來試試。

地址:台南市中西區西門路ㄧ段703巷16號
電話:06-2212555"
333,88,中西區十方鼎盛臭臭鍋,"[#中西區]十方鼎盛臭臭鍋
臨安路一段36號，2230933

週一至週五中午特價90元，白飯與飲料吃到飽，24小時冷氣開放，湯頭無味精，偶爾來吃也是美賣哦"
334,8,中西區,"八方雲集成功店有新活動喔！！
即日起∼消費滿300就送湯品兌換券喔。
期待你/妳的光臨。

店址：台南市中西區成功路27號

訂購/外送專線：(06)2283470

https://m.facebook.com/profile.php?id=131339067033990

<<忙碌中，忘了微笑，請見諒>>"
335,76,永康區阿哺哩臭豆腐,"[#永康區] 阿哺哩臭豆腐

店家的臭豆腐屬於切小塊狀的，經高溫油炸將外表炸得酥脆，配自家醃漬的泡菜及獨門醬汁~真是有給它好吃的，難怪客人絡繹不絕，jack今天運氣好不用等久^^不然通常都是一堆人滿滿圍住的說！

地址:永康區大仁街(崑山科技大學附近)
營業時間:14:30-18:30"
336,5,永康區,"路易士傑克廚房好康報報

 來店用餐，凡加入粉絲團按讚並留言！單點免費升級套餐喔！

 地址:台南市永康區中山南路27號
 電話:(06)3035966
營業時間:11:00~14:00 17:00~21:00"
337,121,中西區,"[#中西區]50元大雞腿飯
民權路與國華街口
推薦:炸雞腿飯，排骨飯"
338,88,安南區,"[#安南區]傳統小吃無刺虱目魚國安街141號，2508055
早六點至晚上十點
推薦:土豆肉燥飯，什錦湯

國安街有許多美食，這間土豆肉燥飯值得一嚐，肉香淳樸帶些許花生香氣，配上什錦湯，便是美味簡單的一餐。"
339,88,中西區開章大吉,"【#中西區】開章大吉－章魚燒

在南方公園內，常常都要排隊說，jack每次來都會帶上ㄧ盒，沒辦法就是喜歡吃><你也喜歡吃章魚燒嗎？
口味：章魚，培根"
340,186,中西區,"[#中西區]三仟萬越南法國麵包
地址:台南市西門路697號(小西門對面)
電話:0982670648
營業時間:早10~晚7
推薦:豬肉口味，鴨肉口味
位在小西門對面的這間越南麵包非常美味，一個50元，塗上美味豬肝醬的酥脆法國麵包，內餡豐富，有切成細丁的泡菜，香菜，小黃瓜，越南白火腿及魯過的香豬肉，一口咬下真的很讚！！
買10送1，偶爾不想吃便當就買一個來品嚐！便宜又美味！"
341,85,中西區小康旗魚浮水魚羹,"[#中西區]小康旗魚浮水魚羹
西和路279號，2517363
早0630~午1400
推薦:稞仔羹，魚鬆肉燥飯
小康市場旁圍繞許多美食，湯頭清甜，魚羹紮實是老饕最愛，羹中加入肉燥調味，羹好湯美。"
342,82,中西區燒臘,"[#中西區]裕香烤鴨莊
台南市文賢路217號
2593302，0910819717
推薦:三寶飯，脆皮鴨飯
有別於一般港式燒臘的口味，這裡是台式又香又鹹的滋味，開業二十年，從小吃到大，記得一定要加他們自製的菜哺配飯，硬是要得！"
343,120,永康區,"【好康活動】感謝 金桃家草莓大福 台南店 提供10盒草莓大福

網路超夯的團購美食~金桃家草莓大福。新鮮手工捏製，隨著季節盛產的水果更換裡面餡料，每顆不僅外皮Q彈，內餡裹上滿滿的紅豆及新鮮水果，吃下一口給你滿滿的幸福∼感動><

您只需要完成三步驟就有機會吃到喔^^

獎品名稱：草莓大福
得獎名額：10名
活動參加截止日期：2014/04/21 止
得獎領獎截止日期：2014/04/24 止
獎品兌獎截止日期：2014/04/30 止

完成下列步驟您就是中獎候選人：
1. 加入台南美食地圖→http://goo.gl/659B0R
2. 按讚+分享此篇圖文
3. 留言 【我要吃金桃家的草莓大福】

<U+2665>步驟缺一不可，留言請設為""公開""避免我們看不到錯失得獎機會喔！

領獎辦法：
1、請得獎者利用右上方""發訊息""功能留言〈註明姓名、電話〉
2、我們會回傳得獎憑證+兌獎驗證碼
3、請於兌獎期限內至 金桃家草莓大福 -台南店 兌換 

【金桃家草莓大福 -台南店】
台南市永康區民族路532號 06-2731119
訂購專線0956601206 (06)273-1119
LINE ID: kiss10244"
344,13,麻辣食堂,"麻辣食堂是間平價又好吃的火鍋店
共有5種鍋類 藥膳麻辣/牛奶鍋/龍骨鍋/泡菜鍋/素食鍋
即日起至6月底買二鍋送一張免費兌換券!
而且來店打卡出示給店員看就送一包科~~~學麵哦!!!!!
請大家告訴大家這項好康~

營業時間: 11:30-14:00 17:30-22:00 (全年無休)
訂位專線<U+260E>:06-2085500
地址:台南市北區前鋒路318號2F"
345,86,中西區泰星球,"【#中西區】泰星球
地址：台南市南門路46之6號 電話：06-2138826
營業時間：11:30-14:30、17:30-21:00 每星期二公休
推薦：打拋豬肉飯、泰式涼拌海鮮、綠咖哩雞、泰式奶茶
泰星球在南門路上八年了，算是人氣泰式小館，平價美味快速的泰式料理一直受到廣大群族的喜愛，老闆帥氣親切，小編喜愛這溫暖人情味的小餐館，你吃過了嗎？"
346,68,中西區,"[#中西區]武聖夜市10元麵煎爹
營業時間:每週三，六晚
地址:武聖夜市吃的倒數第三排

小編從幼稚園吃到現在，永不漲價的佛心，濃濃的花生糖香藏在麵餅裡，最單純的美味！"
347,93,中西區,"【#中西區】(秘店)無名目鏡仔麵店
地址：尊重店家的要求，在此不予公布，提示：臨安路水星杏仁豆腐斜對面，隔壁似乎是間中醫診所
營業時間：早上十點半左右至晚上八點左右，不定時公休
推薦：乾麵、什錦麵、蛋花湯、下水湯、魯味
這間店，因為之前被某部落客報出來大排長龍，所以生氣的公休一個月，所以我們就乖乖吃就好了^^40元的什錦麵，麵條用的是意麵，滿滿的配料有豬粉肝(好吃極了)、花枝、蚵仔、肉絲；乾麵又香又順口；下水湯用的是新鮮的鴨下水，現切現燙，一大碗才20；魯味也是台南最好吃又最便宜，小編從小吃到大，你是否也吃過這樣的人情味呢？"
348,110,永康區耀武羊威,"[#永康區]耀武羊威299羊肉爐吃到飽
電話:06-3022118
地址:台南市永康區東橋一路30號
推薦:羊大骨，羊腳筋，奶油白菜，枝仔冰

台南唯一羊肉爐吃到飽，價格便宜，食材用心，你吃過了嗎？"
349,4,新欣奇義法料理餐廳麻豆區義大利,"新欣奇義法料理餐廳-- TEL:(06)571-6693
 .................................(地址:麻豆區興南路68號)

法國菜著重醬汁的調製，作法繁複，菜色華美豐潤。

義大利菜著重原料的本質、本色，講究火候的運用。

 新欣奇重視食材，所以非常著重揀選材料，務求食出「鮮」味

 義法式料理的製作過程非常精細，我們以幸福料理為最大訴求

值得您細細品嘗... 【品味新欣奇，幸福不缺席】
----------------------------------------------------------
附設停車場、提供Wi-Fi 無線上網

歡迎電話訂位    \..^o^../"
350,64,中西區菜粽肉粽,"[#中西區]大銃街菜粽
地址:台南市海安路二段358號
電話:0918109755/2462902
推薦:菜粽，肉粽，味增湯
早上時間想坐下吃個好吃的，卻又不知如何選擇時，小編總愛來這兒，老闆娘爆笑爽朗的吆喝聲，讓一天充滿了精神，你吃過了嗎？"
351,85,北區,"【#北區】無名小吃攤
位在北門路二段跟精忠街旁，生意超好的東西應該不錯吃，jack經過也來排隊嚐鮮ㄧ下，有蔥油餅，韭菜盒，豬肉餡餅，有沒有你愛吃的啊？"
352,75,肉粽,"〔#安平區〕無名肉粽
地址：如圖，該建築物旁
營業時間：06-12
推薦果菜汁、肉粽、味噌湯"
353,2,海產粥,雖說鍋燒意麵是我們的招牌，但我更推薦我們的”王牌”海產粥，當天現撈鮮美白蝦，肥美又大顆的蚵仔，無過水現撈急速冷凍的透抽，圓滾滾現撈蛤仔，花東頂極白米，搭上熬煮的柴魚高湯，沒試過的人一定得嚐嚐阿美我大力推薦的”王牌海產粥”。
354,90,綠豆湯,今天好熱，來碗綠豆湯消消暑吧！有人要推薦好喝的綠豆湯嗎？
355,76,中西區大歡喜,"[#中西區]大歡喜 鍋物料理
台南市中西區海安路一段42號
電話：06-2229933
推薦:雪花牛肉鍋，櫻桃鴨與梅花豬雙拼鍋
原本頗受好評的大四喜鍋物，改名為大歡喜後美味不變，198的價格擁有雅緻的用餐環境與精心挑選的餐具。
值得一提的是他們的芋頭，使用甲仙芋，久煮入味後那香滑綿密的口感令人難忘。
慢活，慢食，慢想....
小編很有口福呀^_^"
356,1,古早味,"高雄美食/台南美食推薦/雷達觀景土雞城
夕陽、夜景、美食一次滿足！古早味好味道
--------------------------------------
入夜後，可以在本店鳥瞻大高雄及台南夜景，
高雄市台南市燈光夜景皆可盡入眼簾美不勝收
臉書按讚粉絲頁分享^^
www.facebook.com/101chicken"
357,1,好味道食堂,"好味道食堂
餐點都走平價路線，希望能讓每位在外辛苦求學的同學能夠餐餐都吃得飽飽，就好像在家一樣，來好味道食堂能感受到好味道食堂的溫暖~

店家特色
以料理食材最原始之鮮味呈現給顧客，目的為求讓顧客吃到最健康之料理。

人氣餐點
1超大雞排餐(比臉還大)
2現炸雞腿餐
3卡啦雞蓋飯
4泰式椒麻雞餐
5鐵鈑豬肉餐
6韓式泡菜豬肉飯

營業時間
上午10:00~晚上10:00

訂購專線
06-266-2288

地址
台南市仁德區二行里二行一路108號1樓

GPS：
22.9179158,120.22470820000001"
358,83,新化區,【#新化區】在老街旁，扛棒寫著[新化老攤]，每到假日也都是排隊人潮，jack如果沒記錯的話，店家好像夏天賣挫冰，冬天賣雞蛋糕的樣子，有人有吃過這家嗎？
359,52,古早味,"【#東區】老蘇汕頭意麵

今天的晚餐~乾麵+滷菜，在裕豐街內沒有明顯的招牌跟裝潢，老闆就在自家門口做起生意來，會來多數都是熟客。很有古早味的乾麵，放上些許青菜加上肉片跟二片不知名的食材，上桌前老闆都會淋上獨家醬汁讓麵不會乾乾的，吃起來比別人家""順口""口感還不錯，這家jack從小吃到大~價格也一路被調漲><

地址：台南市東區裕豐街102號"
360,53,中西區海產粥,"[#中西區]50元海產粥
地址:台南市西門路一段450號
推薦:海產粥，鍋燒意麵
東方美早餐店，老闆章魚哥與阿雅姐中午另外加賣的餐點，便宜大碗又美味！
辣椒使用請小心！小編被辣到啦"
361,56,永康區牛肉湯,"【#永康區】老饕川味牛肉麵館

位在台南永康的老饕川味牛肉麵，開店至今已將近二十年，店內除了有招牌的川味牛肉麵，這碗風味獨具的牛肉湯蛋花，也是許多人來到店裡必吃的料理之一，軟嫩的蛋花加上濃郁鮮甜的牛肉高湯，讓人一吃就上癮。

電話：06-2016368
地址：台南市永康區永明街80號
<圖片取自 老饕川味牛肉麵館 粉絲團>"
362,76,北區香港文記燒臘燒臘,"[#北區]香港文記燒臘
06-2212857 
台南市成功路102號
推薦:四寶飯/火肉/油雞
過去從青年路搬遷成功路的文記，由正宗香港師傅主理，文哥待人和氣，燒臘美味便宜，60元能吃到四寶，是台南市民的福氣！"
363,1589,大寮無名包子店,"這一家無名的包子店，包子饅頭一顆均一價10元，包子櫃能看到肉包、菜包、綠豆包、芋泥包、紅豆包都只要10元呢！店家還有賣無糖豆漿，只是喝起來偏淡，所以也可以選鮮奶紅茶，一早就有囉，但是小高忘了問營業到幾點了…

有粉絲知道這家大寮路上的10元包子店嗎??

=====================
店名：大寮無名包子店
地址：高雄市大寮區大寮路742號。

㊣高雄美食特集:http://www.kh.inmap.tw/"
364,1984,知高壽司,"大家喜歡吃日式鰻魚丼飯嗎??

阿雄挺常來這家在河堤的日式壽司店，這一份鰻魚丼上覆蓋這一條厚實的燒烤鰻魚，滋味算是挺甜美的，用店家特製的鰻骨醬汁燒烤過後，肉質Q彈口感綿密，很適合扒飯!!
而小高比較喜歡鮮魚定食，推薦了油脂比較豐富的挪威鯖魚，肉質較細嫩，僅以薄鹽醃漬。以及鮭魚定食，同樣是單純以鹽巴乾烤，鎖住原味，肉質也很嫩滑~

要找鰻魚丼飯或鮮魚定食的粉絲可以看看喲!! 小高整理了價位給大家，鰻魚丼280、鯖魚定食原價250、鮭魚定食原價220。
<<其中鯖魚及鮭魚定食(週ㄧ到週五平日) 特價198!!>>

=========================
店名：知高壽司
地址：高雄市三民區河堤路480號
電話：(07)343-4488
更多招牌菜：http://www.kh.inmap.tw/archives/12052"
365,2309,好運土司商行,"新開的南洋風味小餐廳，下午兩點才營業，粗意麵搭配特製的南洋叻沙鍋湯頭很濃順，還有熱壓土司帶有創意口味，大家喜歡這種南洋風味嗎？

好運土司商行
位置：高雄市苓雅區自強三路173號
聯絡電話：07 269 6155
營業時間：14：00∼23：00"
366,1563,武廟路府城虱目魚,"傳統無刺的虱目魚肚湯一直是小高偏愛的古早味！像是這一家武廟路的虱目魚肚湯喝起來鹹香夠味，湯頭清澈加些薑絲更提味。也會再點碗20元的肉燥飯，他的肉燥是肥肉較多的那種，但也比較配飯。以及香煎到恰恰好的虱目魚肚，也是小高經長點的重要配菜喲!!其他也有一些簡單的小菜、菜圃蛋、切料、青菜做搭配，每逢用餐時間，人潮會比較多喲~~

雄粉們，吃過這家？
==========================================
店名：武廟路府城虱目魚
地址：高雄市苓雅區武廟路177號

●更多美食資訊→http://www.kh.inmap.tw/"
367,2039,金饌豬排飯古早味便當,"帶有古早味味道的豬排飯，簡約的菜色搭配炸豬排，吃的巧也吃得飽，環境也挺舒適的便當專賣店。

金饌豬排飯古早味便當
地址：高雄市三民區建武路83號
聯絡電話：07 385 3130
營業時間：週日公休"
368,1889,一合居,"吃過<U+994A>子餅嗎?? 有點像捲餅的形式，外層手工皮是冷的，但很有咬勁、帶有Q度，而裡頭的<U+994A>子有點像麻花捲，口感很像油條，吃起來很酥脆，滿滿的<U+994A>子加上不油膩又刷嘴，整體口感真的很特別!!

<U+994A>子餅是一大特色，另外還有蔥油餅或捲餅、水餃之類。
這一家很有名的隱藏版美食，經過真的很容易錯過，有誰已經吃過啦??
=====================
一合居
地址：高雄市前鎮區民裕街47號
電話：07 535 5413
營業時間：11:30~14:00 17:00~20:00 "
369,2699,尚芳土魠魚,"來鹽埕錯過這家老字號了嗎？這家尚芳土魠魚已經營經２０多年了，土魠魚現炸酥脆口感，搭配帶點甜的羹湯，就是一道簡單又美味的小吃啦！而且還有免費的綠豆湯可以享用，現炸的旗魚黑輪、土魠魚香腸也不錯吃!!

吃過的朋友覺得如何？
食記來源→http://bit.ly/1vHu01L
------------------------------
尚芳土魠魚
營業電話：07-5214520、07-5214627
營業地址：高雄市鹽埕區富野路22號
營業時間:09:30∼19:30"
370,2125,李記小籠包,"大寮的人氣小吃!!之前經過大寮路，發現這間不少人排隊的李記小籠包，店內的小籠包都是現作現包的，現場都可以看見員工們忙著包等等要下鍋的了龍包及蒸餃，一份7顆的小籠包，內餡的豬肉吃起來好Q彈，可以免費加蔥、蒜、薑絲，再搭配一杯咖啡牛奶!!
回來查了一下，這一家在地也是十幾年的老店了，住附近的粉絲都吃過了嗎？
======================================
店名：李記小籠包
地址：高雄市大寮區大寮路758號
營業時間：早上06:00~中午12:30

http://www.kh.inmap.tw/archives/13024"
371,2391,四兩千金活蝦,"【＃左營區】
好想念蝦蝦料理呀∼∼
這家有500坪寬敞空間的四兩千金活蝦，主打以活跳跳的蝦新鮮撈新鮮烹飪，阿雄覺得最夠味的是胡椒蝦，蝦的肉質好肥美啊，另外記得點醬油蝦後，可以先把蝦子都拿出甕，在把白飯加進去拌一拌，就變成了醬油白飯嚕！超讚∼（你一定要試試）

大家有來吃過這家？
－－－－－－－－－
四兩千金活蝦
地址：高雄市左營區文學路542號
聯絡電話：3497788
營業時間：16:00 - 2:00"
372,2295,胡同燒肉8號店,"高雄為第八家門市的胡同燒肉8號店，採用單點形式，朋友說價格蠻高的，肉的品質還不錯，不需要調味可以吃到肉本身的鮮甜度，很適合喜歡吃原汁原味的朋友們∼阿雄第一次吃到起司地瓜就是在他們家吃到的..懷念呀!!

有機會要吃大餐的朋友可以來嚐嚐看嚕~
-----------------------------------------------
胡同燒肉8號店
地址：左營區博愛三路3號
聯絡電話：07 359 3891
營業時間： 18:00 - 23:00"
373,1781,森禾田日式涮涮鍋,"【森禾田日式涮涮鍋】在五甲路有分店囉！
這家店的特色就是湯底選擇性夠多，而且有免費的咖啡、冰淇淋、爆米花、茶飲可以享用，菜盤份量也蠻足夠的，湯頭帶有甜味，很適合入秋開始吃火鍋阿！

有粉絲已經吃過這家了嗎？？
－－－－－－－－－－－－－－
森禾田日式涮涮鍋
地址：高雄市五甲ㄧ路173號
聯絡電話：07 745 1689"
374,2123,翠王香港茶餐廳,"最近還滿常收到粉絲來信詢問港式飲茶的！對∼就是你！！ＸＤ
好啦，阿雄發現最近高雄的茶餐廳市場多了好多新品牌，這家在五福四路上的茶餐廳，打著香港富豪酒店、翠華茶餐廳的香港大廚名號，提供滿多種少見港式料理，環境也打造的很港式氛圍哦！

有機會經過這邊的話，不妨進來嚐鮮看看∼有粉絲吃過？？

－－－－－－－－－－－－－
翠王香港茶餐廳
地址：鹽埕區五福四路117號
聯絡電話：07 521 8078
營業時間11:00~21:00"
375,3198,知味村溫洲大餛飩,"人氣很旺的巷子內美食，每次經過都是熱氣蒸騰的∼
這家鹽埕區小吃也是很多人推薦的呦，他們家的餛飩算皮薄餡料飽滿，炸排骨很有古早味，還也小籠包也是不錯的選擇唷!!

大家都點些什麼??

知味村溫洲大餛飩
地址：高雄市鹽埕區大仁路204巷36號
電話：07 561 4905
營業時間：11:00-15:00~17:00-20:30"
376,2146,福記臭豆腐,"高雄臭豆腐有「南福記，北豪記」之名，豪記在高雄目前分店也滿多的了，反觀「福記臭豆腐」還是默默的經營著∼

阿雄吃過還滿喜歡他們家的福記元寶。
你呢，來這邊都會點什麼呀？


食記參考：布達。瘋美食
-----------------------------
【福記臭豆腐】
地址：高雄市苓雅區五福三路117之7號(英雄路上，高雄女中附近)
電話：07-2419477

"
377,1880,小圈圈霜淇淋,"早晚溫差大，白天的高雄還是熱熱的。小高上週跑去吃的霜淇淋挺創意又有趣的唷，是“加鹽”的，撒上各式雪鹽，在嘴中的感覺是一開始帶鹹，但很快就會提出冰品的甜味，比較推薦水果類及牛奶類的口味，會比較適合撒鹽!!
建議可以先吃原味，再撒雪鹽，才能吃出口味上的差異化~~

現場有5種沖繩的雪鹽，抹茶、扶桑花、柚子、胡椒、辣胡椒，小高喜歡前3種，有誰要來挑戰一下胡椒及辣胡椒的。

明日口味：蜂蜜牛奶、埔里百香果∼
===============
小圈圈霜淇淋
高雄市左營區至聖路267號
07-5561340
http://www.kh.inmap.tw/archives/6826"
378,1788,劉家酸白菜二館,"入秋又開始讓人想吃鍋物了，雖然最近還是好熱，但好久沒嘗到這濃郁的酸味香氣的白菜鍋，來自左營眷村的味道，雖然店面沒有中正堂大間，朋友也說和之前的口感好像有點不太一樣，不過阿雄還是一直吃呀!個人覺得麵食跟水餃也不錯吃啦~~~

大家有覺得口味有變化嗎?

--------------------------------
劉家酸白菜二館
地址：高雄市左營區介壽路225號
聯絡電話：07 588 6855
營業時間：11:00 - 14:00、17:00 - 22:00"
379,2398,土魠魚無名虱目魚粥,"這一家無名鹹粥在地其實很多老饕都很推薦喲，每早6點就會營業了，主打土魠魚蚵粥、虱目魚麵線/粥，以及各種海鮮魚湯，只是味道偏鹹一點點，會再加入薑絲、蒜頭酥提味，價位也是平易近人，粥類45元，其他滷料光是看色澤及香氣，都很美味啊，滷的超入味的大腸頭或虱目魚頭，搭配鹹粥都很適合喲!!

有人早餐也喜歡這樣吃??
=======================
店名：無名虱目魚粥 （五甲一路摩斯漢堡對面、小白兔檳榔旁）
地址：高雄市鳳山區五甲一路50號
"
380,3815,川記烤鴨,"大寮這一家烤鴨店在鳳林路與萬丹路口的黃昏市場內，現烤的烤鴨鴨皮較薄，非常香酥，鴨肉充滿了油汁，再加上價格也挺親民的，是不少大寮人下班會去購買加菜的烤鴨熱門店！

有經過大寮的粉絲們，也可以找時間試試看喲!!

＝＝＝＝＝＝＝＝＝＝＝
店名：川記烤鴨
地點：高雄市大寮區鳳林路與萬丹路口的黃昏市場內"
381,2519,兄弟檔牛排,"大樹夜市這家很多人排隊的兄弟檔牛排，應該也開二十年有了！看大哥快手炒麵真的好厲害呀~~人氣的黑胡椒牛排，味道偏重喲，口味偏鹹又帶辣的黑胡椒牛排，黑胡椒醬給得超大方，一旁還看到有獨立的煎台在煎帶皮雞排，份量也不小!!

大樹夜市每週三才有，你們還有推薦夜市裡的哪幾家??

店名：兄弟檔牛排

周一在五甲社區的小夜市
週二在鳳山區忠義街上的開漳聖王廟裡頭
週三在大樹夜市
（以上營業時間及地址，由眾多粉絲各別提供，感謝!! 有需更改可以在下方告知喲!!）"
382,3363,施家三十年蔥肉餅,"阿雄在臺北時其實較少吃到“蔥肉餅”，不過在高雄挺常吃到的，而且便宜又好吃，像是這一家開了30年的蔥肉餅，份量就非常大方，現煎餅皮沾些醬油膏香酥夠味，媕Y蔥肉的味道也很道地，讓阿雄經常回味啊~~

推薦“蔥肉餅加九層塔”是常客們必點，價位也是非常親民，蔥肉餅加蛋加九層塔只要25元!! 像是這一傳統又美味的小吃，感覺愈來愈少囉…希望大家多多支持!!

＝＝＝＝＝＝＝＝＝＝＝＝
店名：施家三十年蔥肉餅
地址：文衡路省鳳工商附近
週二在鳳山區文聖街夜市 （開漳聖王廟旁）"
383,1337,夜坡輕食館,"【半價活動】
<< 9/22~9/26中午時間『燉飯』一律半價 >>

這一家小高很常吃的義大利麵，常常會推出多種新口味，這幾次下次發現他們家的『燉飯』看似簡單，但是細細品嚐後都有些小驚驗感喔!!
照片中都是小高吃過的口味，法國黑松露野菇燉飯、皮埃蒙特香辣牛筋肉燉飯、鬱金香松阪豬燉飯等，都是半熟米心直接煮湯頭，燉飯米粒粒分明、味道都別具特色~~

這家店平日就都需要訂位了，小高特地幫雄粉們跟店家爭取了這5天的小活動，中午時間要過去的粉絲記得『秀出畫面』喲^^!!
----------------------------------------

『活動時間：9/22~9/26 中午11:00~14:00』
店名：夜坡輕食館
電話：(07)333-6616
地址：高雄市前鎮區中華五路1435號"
384,2347,任性餐廳,"這家燉飯、義大利麵店是由一位精通中西式廚藝的女主廚與家人開的，強調手工的醬汁及新鮮的海鮮食材，像這一道墨魚燉飯，滋味就挺鮮的~~
排餐部分的料理也都是主廚打理的，用台灣蜜蘋果醃漬的豬排肉，吃到豬肉的美味口感，還有蜜蘋果的果甜清爽喲!!

-----------------------------
店名：任性餐廳
地址：高雄市左營區孟子路306號 
電話：(07)359-0122 "
385,962,宇兵衛壽司,"【宇兵衛壽司《海膽干貝漢堡》得獎公告！】

30位得獎人如下： 
吳奇達、Eric Yi 、江承諭、林玉樺、劉群芝 、Vivi Chiang 、Alexander Ku 、曾建華 、Ninka Jenq、Jackie Lien、徐興汪 、吳斯歡、林三好 、Steven Huang 、陳麗蓉 、Linda Wu 、陳吉昌、瑜兒 、牛老先生 、黃詩怡 、文雅 、葉小鳳 、陳靜宜 、莊凱翔 、不吃魚 、吳什麼、顏暐桀 、Julie Houng 、吳維哲、郭偉偉。

===========================
<U+2713>以上30位得獎人請於(9/20)上午10點前來信800.discount@gmail.com，小高會統一為你大家寄出美味餐券喲!（要準時喲~~^^）
<U+2713>信件標題:【高雄美食地圖--宇兵衛壽司得獎者】
<U+2713>信件內容:FB暱稱＋真實姓名＋地址（統一於一周後寄出）

===========================
連小高都好喜歡的海膽干貝漢堡，小小一顆但是好鮮好好吃呢~
但是店內座位數不到20位，以及海膽都是新鮮現貨，雄粉們拿到餐券後建議事先電話訂位喲!!"
386,2615,楊記麻辣小火鍋,"這一家用料挺澎湃的臭臭鍋店，老闆娘給料很阿莎力喔，份量不少的肉片、滿滿的清蔥撒的很瀟灑，鍋裡頭也是料多實在、湯頭清甜好喝!!而且辣度都是用生辣椒下去現煮的喔，要多辣有多辣~~

只是人潮很多，老闆娘好忙喲，建議粉絲點餐、加菜時要一次OK喲!!
推薦臭臭鍋、泡菜鍋和牛肉鍋...

知道這家嗎??

-------------------------
楊記麻辣小火鍋
電話：07-2412703
地址：高雄市中華三路265號 (三民市場與河南路口之間)"
387,3198,壽司一番技,"朋友推薦這家口碑還不錯的日式料理，生魚片、花壽司、握壽司都是大份量阿，比較人氣的有炙鮭魚肚握壽司、煙薰鮭魚起司捲，及各種日式小菜...

喜歡日本料理的朋友都知道這家??
----------------------------------
壽司一番技
地址:高雄市左營區大順一路272號
聯絡電話:07 556 6225
營業時間:11:30∼14:00、17:30∼21:00 每週二店休"
388,2079,永泰烤鴨夾餅,"有吃過烤鴨夾餅嗎？這家口味還不錯的夾餅，片的很細的烤鴨吃起來不甘柴唷，裡面還有豆皮的脆度，口感實在還不賴，裡面還有洋蔥跟甜麵醬調味∼

吃起來還蠻唰嘴的，吃過的朋友覺得如何？
------------------------
永泰烤鴨夾餅（瑞豐夜市）
位置：第二排中間
電話：0919163604"
389,2639,生源小籠包,"這一家粉絲也相當推薦的小籠湯包、蒸餃店，皮Ｑ內汁鮮甜，似乎每桌都會點喲~此外韭黃蒸餃、鮮蝦湯包、酸辣湯也是人氣餐點，有人試過這一家嗎??

（有粉絲回覆小籠湯包一籠8顆目前是55元喲!!）
--------------------
生源小籠包
地址:高雄市鳳山區光復路一段94號
電話:07-745-6728"
390,2509,吉品肉圓,"這一家是朋友推薦給小高的地方小吃喲。是外皮經過炸過的大顆肉圓，有鮮肉口味、也有筍絲口味，聽說米糕也很不錯！店家醬汁應該是經過特調的，不會太鹹過甜的古早味醬汁!!

價位還很親民呢，筒仔米糕30元、脆皮原味肉圓30元...
有誰吃過了跟大家分享一下？

吉品肉圓
電話：07-3834603
店家地址：高雄市三民區新民路172號
營業時間：平日7:30~15:30、假日7:30~14:30"
391,1918,五甲肉圓,"小高常經過五甲夜市這邊，不過都一直沒有機會吃到這家肉圓，之前分享還滿多人推薦的，也有粉絲說經常要排隊喔，大家還記得這家5元的肉圓店??
------------------------
五甲肉圓（無招牌）
電話：0958-607612
(粉絲線報)地址搬到五甲夜市自強路上 傑克小子隔壁兩間
"
392,2334,蚵仔寮漁港,"上週的連假有沒有出去走走阿，阿雄跟朋友跑到蚵仔寮漁港採買新鮮海鮮，也買了一些炸物和海鮮，還蠻愜意享受的!!!

你們都來蚵仔寮買什麼？推薦一下唄~~

----------------------------
蚵仔寮漁港
地址：高雄市梓官區漁港二路
電話：07 619 4100
營業時間：全日開放"
393,4182,賴桑壽司屋,"在花蓮以""巨無霸壽司""出名的《賴桑壽司屋》已經在高雄開分店嚕，提供的料理也滿多項的，像是炸物、烤物、壽司、蓋飯、生魚片...不過好像是偏台式料理的樣子!!

有粉絲已經吃過了嗎??

---------------------
賴桑壽司屋-高雄
地址：高雄市鼓山區馬卡道路351號
電話：07-5500000
營業時間：11:30-14:00 / 17:00~21:00 (星期一店休)"
394,1851,日月香越南料理屋,"阿雄突然又想這家口味很濃郁的日月香越南菜，菜色都還蠻夠味的唷!
悶熱的天氣嚐嚐吃爽口的越南涼拌小菜，搭配酸辣開胃的餐點，是個不錯的選擇呦!!

-------------------------------
日月香越南料理屋
地址：高雄市三民區建工路191號
聯絡電話：07 390 9311
營業時間：11:00 - 14:30, 17:00 - 21:30"
395,2657,香菇瓜仔肉飯,"多久沒吃瓜仔肉飯啦，這家在五甲自強夜市開很久的“香菇瓜仔肉飯”，香菇炒香後跟肉燥一起熬煮成這一鍋香濃的香菇瓜仔肉，每次用餐時間，就會聞到香噴噴的瓜仔肉香，超級下飯。再加碗蚵仔湯，回憶呀!

這家香菇瓜仔肉飯在自強夜市開很久囉，但是沒有店名，招牌舊舊的就叫“香菇瓜仔肉飯”，推薦給你們∼

大家吃過這家吧??
-----------------------------------
香菇瓜仔肉飯（無店名）
地址:高雄市鳳山區自強二路140號"
396,1531,小狸食堂,"這家是粉絲推薦給阿雄的哦，店內裝潢一點也不日式風格，店內的擺飾裝潢都是原日本老闆平常收集來的小物(偏美式)，也很樂於分享給來店用餐的客人，店內的餐點賣的就是咖哩和蓋飯為主。

岡山的朋友有來吃過這一家嗎??
----------------------------------
小狸食堂
地址：高雄市岡山區維仁路142號
電話：07 621 1831　"
397,2553,ConcentSNACKBAR-康森史奈克ㄅ,"阿雄朋友推薦這家很隱密的小餐廳，如果你是喜歡外國卡通朋友們可以看逛逛哦，店內還有賣著各式小物，像是皮克斯系列、Care bears、尼桃....; 

店內位置不多，賣著像是義大利麵、特調飲品和甜點，算是一家可以邊吃飯邊尋寶的小餐館啦~~

喜歡這類餐廳的朋友可以來看看呦!
---------------------------------
Concent SNACK BAR - 康森史奈克ㄅ
地址：高雄市高雄市左營區新上街307巷9號
電話：07-5566922
營業時間： 11:00 - 21:00"
398,1564,宇兵衛壽司,"【抽獎】
阿雄來讓大家享用一下讚的啦，現在只要給文章一張讚，然後留言告訴我你多想要吃到這顆《海膽干貝漢堡》，阿雄和小高就來抽出最有創意的粉絲.....

＊文章按讚：http://www.kh.inmap.tw/?p=11642
＊留言統計至9/13 18:00前
＝＝＝＝＝＝＝＝＝＝＝＝＝
店名：宇兵衛壽司

電話：(07) 341-1778 

地址：高雄市左營區立大路151號"
399,2663,幸福海灣風味廚房,"大馬路的店租真的太貴啦∼現在很多餐廳都跑到鬧區旁的小巷中，這家就開在瑞豐夜市附近的巷弄中，經過都會看幾眼的地中海餐廳，店面就是海洋明亮般的環境，賣著有燉飯、火鍋、炸物等等簡餐，氣氛還算不錯唷！帶一點溫馨，好像也還有其他分店的樣子，有粉絲吃過這家嗎？

－－－－－－－－－－－－
幸福海灣風味廚房
地址：高雄市鼓山區文忠路106號
聯絡電話：07 553 2018
營業時間：11:00 - 15:00 、 17:00 - 22:00"
400,3405,名家汕頭沙茶火鍋,"一樣隱身在巷弄內的沙茶火鍋，看起來就是老店，食材都是店家自行料理，特殊的沙茶沾醬很濃厚唷∼口味整體表現不錯，湯頭不油膩而濃順。

大家有沒有吃過這家的沙茶火鍋啊？？

-----------------------------
名家汕頭沙茶火鍋
地址：高雄市新興區渤海街4號
電話：07 226 7230
營業時間：12：00∼01：00、17：00∼01：00"
401,3057,六合烤肉之家海味澎湖平價活海鮮約翰碳烤三明治,"阿雄昨天烤肉烤到一半，有線民指出康熙來了在報高雄美食！立馬放下手邊的肉串，乖乖幫大家做筆記去了！！

大家這星期有得吃啦∼∼ＸＤ
（歡迎分享）

*************************************
六合烤肉之家 (推薦烤雞腿、烤甜不辣、烤七里香)
地址：高雄市新興區六合二路26號（夜市靠中間）
電話：07-2229786
營業時間：17:00-02:00
*************************************
海味澎湖平價活海鮮 (推薦海膽炒飯、澎湖小管)
地址：高雄市新興區民生一路214號
電話：07-2823131
營業時間：16:00-02:00
*************************************
約翰碳烤三明治 (推薦碳烤燒肉三明治)
地址：高雄市苓雅區光華二路400號 (光華木瓜牛奶大王前) 
電話：0936-994056
營業時間：17:00-01:30
*************************************
大手燒日式關東煮（男山酒造） (推薦魚豆腐、手羽明太子)
地址：高雄市左營區富國路91號（富國路＆至聖路交叉口）
電話：07-5585211
營業時間：17:00-02:00
*************************************
老賈小館 (推薦酸菜白肉鍋、芝麻山藥餅)
地址：高雄市鳳山區文化路149號
電話：07-7991915
營業時間：11:00-14:00 17:00-21:00
************************************* 
古早味土窯雞腿 (推薦土窯雞腿、土窯胡椒餅)
地址：高雄市前鎮區凱旋四路758號（凱旋夜市五福路15號攤位）
電話：0982-182610
營業時間：17:30-24:00
*************************************
輝哥鱔魚花枝麵 (推薦乾炒鱔魚麵)
地址：高雄市苓雅區光華二路436號
電話：07-7168409
營業時間：17:00-01:30
*************************************
大宅門干鍋鴨頭 (推薦干鍋鴨頭 )
地址：高雄市高雄市左營區自由二路338號
電話：07-5564078
營業時間：11:00-14:00 17:00-24:00
*************************************
鴨霸王國煙燻滷味（文橫店）(推薦煙燻滷味)
地址：高雄市苓雅區三多路、文橫路口（近三多路）
電話：0952-795026 
*************************************
甜子烘焙 (推薦雪果子)
地址：高雄市三民區永吉街41號
電話：07-3136808
營業時間：09:00-18:00
*************************************"
402,2982,小溝頂木瓜牛奶,"六十年老店的木瓜牛奶專賣店，濃醇香的新鮮木瓜牛奶，每一口都還綿密，好喝有飽足感。

有沒有喝過這家老店阿？
--------------------------
小溝頂木瓜牛奶
地址：高雄市岡山區開元街84號
營業時間：11:30-22:00 
電話：07 621 1369"
403,2807,老王壽司店,"來鹽埕區找那麼久，阿雄都沒有發現過這家""老王壽司""，每份價格都約在30~60元間，算是滿親民的價格，不過算是偏台式的日式壽司料理。

這家的口味有合你的味蕾嗎?

------------------------------
老王壽司店
地址： 803高雄市鹽埕區必忠街51號
電話：07 521 0091
營業時間：17~23:00"
404,1765,上好牛排,"這家上好牛排之前好像有粉絲推荐給阿雄過哦！這次經過特地停下來嚐嚐看，但說實在的，其實也是被他陣陣的牛排香給吸引的啦！ＸＤ

其實他們份量算滿大的，麵都多到滿出來了！牛排阿雄也覺得還不錯啦，算合我個人的胃口，價格也相當親民，很多客人也在買的呦！

吃過這家？？
----------------------------
上好牛排
星期一：勞工夜市
星期二：公休
星期三：瑞北夜市
星期四：三信家商明德夜市
星期五：公休
星期六：瑞北夜市
星期日：崗山南街夜市
營業時間：晚上六點到十二點"
405,2664,仁武豆花婆,"【仁武豆花婆】
呷涼囉∼仁武鄉公所旁35年的豆花攤車，相信很多仁武人都吃過豆花婆的綠豆湯和花生豆花吧 ！這一桶子一桶子的現熬綠豆、手工豆花、檸檬汁，豆花婆每天在家裡煮好，再用發財車載到鄉公所旁杯裝的賣，每到學生下課時間，就會有一群學生圍過來∼
在小高的記憶中，其實豆花婆有點兇，呵呵，但這一次路過，特地過來跟豆花婆買杯綠豆汁，結果阿婆竟然笑笑地說：「揪古謀看妳啊!~」

其實小高真的好幾年沒來買豆花了，也跟阿婆聊了兩句。離開後很開心阿婆還記得小時候我們下課都會來買綠豆汁，但也有點傷感，因為阿婆說：「生意一年比一年差，再加上攤子會被趕來趕去，從下週起又要開到鄉公所對面的位子，就沒有房子可以遮蔽太陽了。」

珍惜巷弄古早味，分享給大家∼

----------------------
仁武豆花婆
電話：0932-725207
地址：仁武鄉公所旁（不固定位置）"
406,2571,味四季和食日本料理,"這家這家，門口就擺著各種定食的樣子給路過的人參考，也很吸睛啦~阿雄就是這樣走進來的=..=

這家賣著各類日式定食的餐廳，白飯用可愛的仿竹筒裝，簡約不複雜的餐點，口味還蠻不錯。還有免費的高麗菜生菜可以無限享用，喜歡吃各類定食的朋友可以試試看嚕!!

-------------------------
味四季和食日本料理
地址：高雄市新興區中正三路26號
電話：07 235 1191
服務時間：11:00–14:30, 17:00–21:30"
407,2470,廣東汕頭勝味火鍋,"這家鹽埕老字號火鍋，這家還滿多人來吃的呦！
牛肉只要稍微涮一下，沾上特製沙茶就很好吃，湯頭還蠻甘甜的，阿雄覺得還滿好吃，每次都喝上好幾碗！

大家喜歡這家的口味嗎！

－－－－－－－－－－－－
廣東汕頭勝味火鍋
地址：803 高雄市鹽埕區七賢三路65號
聯絡電話：07 551 1352
營業時間：11:00 - 0:00"
408,3018,山東蔥油大餅,"好久沒來嚕！這家每次下午就會出現在自由二路上的小攤餐，賣的就是蔥油大餅，當下買來熱熱的吃，滿滿的胡椒香氣，外皮酥脆還有蔥花香，不油膩好涮嘴啊！

下午茶買來解解饞還算不錯啦∼

-----------------------------
山東蔥油大餅
位置：高雄市左營區自由二路180號(自由路與明華路口)
營業時間：14:30∼19:00 (農曆初一、十五公休)"
409,3222,江南韓式料理,"很多人都愛吃韓國料理，尤其像炸醬麵、韓國年糕及泡菜煎餅等等，這一次小高來教大家喝韓國清酒！店家會準備小杯子，倒入一半清酒＋一半雪碧或可樂，一口喝，冰冰涼涼的，有點像汽泡清酒喲∼
這次也點了之前沒吃過的泡菜煎餅，滿滿的韓國泡菜，帶點微辣，對於喜歡泡菜的你，還挺推薦的。
------------------------
店名：江南韓式料理
電話：(07)550-9806
地址：高雄市左營區忠言路193號"
410,2903,東大門韓式燒烤暢食料理館,"原本在博愛路上的東大門韓式燒烤搬到澄清湖附近（原址變為輕井澤），東大門韓式燒烤來到澄清湖這邊環境變得寬敞，朋友說餐點變很多，還有韓式炸雞，四人同行提前訂位有送豪華海陸饗宴一份(活動還有)，現在的東大門韓式燒烤大家有去吃過了嗎？？

---------------------------------
東大門韓式燒烤暢食料理館
地址：高雄市鳥松區公園路45號
電話： 07-7317177
營業時間：11:30–14:30, 17:00–23:00"
411,2419,韓式美食,"在高雄算是很早期的韓式料理店，餐點的份量總是驚人，適合大食量的朋友們，第一次來用餐的客人可能會嚇到一下，因為桌上還放有台式風味的瓜子當嘴饞小品，很有衝突感吧！

這吃你們吃過沒呀？
---------------------------
韓式美食
地址：鼓山區慶豐街26號
聯絡電話：07 555 2030
營業時間：11:30-15:30，17:00-21:20（週一公休）"
412,1608,青采食堂,"這家阿雄誤闖進來的小食堂，環境不會很特別，算是居家風格，簡簡單單的餐館，東西還不錯吃哦！賣著以台式及日式的餐點為主，簡單不油膩的家常小菜，配上主菜，這魚肚無刺不油膩帶有脆度，還不錯∼∼

阿雄剛爬文說，主廚媽媽算是滿真材食料在經營的，也許沒有美美的裝潢，不過阿雄覺得可以來試看看唷！吃過∼？

--------------------------------
青采食堂
地址：高雄市前鎮區正勤路27號
電話：07 537 5355
營業時間：11:00~14:00、17:00~20:00 每周二公休"
413,2182,阿成炒飯專賣店,"阿雄的朋友分享了這家小有名氣的蛋炒飯，他覺得算是便宜又好吃，粒粒分明的炒飯，又香又Ｑ的！這一次試了鹹鴨蛋皮蛋炒飯，香香鹹鹹的鹹蛋炒在米飯中，也好搭呀，一連扒了好幾口飯呢！

這家就是網路票選全台十大最好吃蛋炒飯名店啦，從50元的蛋炒飯70、80到120元的招牌東港三寶炒飯，都很招牌喲。最特別的是一些比較創意的口味，像是吐司炒飯、香蕉蝦米炒飯，還有夏季限定的芒果炒飯，有人吃過這幾種炒飯嗎？

----------------------------------
阿成炒飯專賣店
高雄市三民區大連街182號
07 313 4821"
414,1637,壹兩雲吞,"名字很台式，但賣的可是偏廣式的料理來著。店名還蠻特別的壹兩雲吞，意味著每顆雲吞都有一兩重，餐點還蠻多樣的，口味也比較重，而且還有阿雄最愛的炸雲吞！

阿雄是覺得還不錯吃哦，你們呢，吃過的朋友覺得如何？

－－－－－－－－－－－－－
壹兩雲吞
地址：高雄市建國一路310號
聯絡電話：07 225 6850
營業時間：11:00 - 21:00"
415,2434,吉拉朵義式手工冰淇淋,"小高之前挺喜歡吃這一家的義式冰淇淋唷，就位在河堤社區一帶除了店內之外也有戶外座位，可以感受一下社區的慢活。

這家手工冰淇淋大部分都是以當季水果製成的，這一次吃了百香果雪酪及奇異果雪酪，這裡的雪酪就是不加牛奶，完全是水果及砂糖製成的，味道強調各種水果的酸氣及甜味喔！口感也比較柔滑清爽，挺適合女生的∼ 每天都會有16~18種不一樣口味的冰淇淋，也可以經常看到老闆在店內直接做起手工冰淇淋呢！有機會一定要坐在戶外吃個冰，享受一下嚕！！

－－－－－－－－－－
吉拉朵義式手工冰淇淋 
地址：高雄市三民區明吉路6號 
電話：0979 033 085"
416,3008,志華北平烤鴨,"朋友推薦這家鳳山維新大橋旁的烤鴨店，好像很多鳳山在地人都不知道，鐵皮簡單的店面，飄香的烤鴨香氣，現片完馬上吃的烤鴨皮帶有脆度<U+54DF>，炒的鴨肉夠味好吃∼

有人發現過這家？
－－－－－－－－－－－－
志華北平烤鴨（北平烤鴨、脆皮烤鴨）
位置：鳳山區光復路47號
服務專線：07-7466586、7808807"
417,1409,福軒花蓮扁食,"在四維二路上的福軒花蓮扁食，每次用餐時間人潮多多呀...

這家合不合大家的口味啊!!

------------------------------
福軒花蓮扁食
地址： 802高雄市苓雅區四維二路147號
電話：07 722 4890"
418,1689,知高壽司,"阿雄來分享日本料理啦！這家在河堤社區經營一段時間的”知高壽司”，和別人比較不同的是，多了滿多創意料理和熟食丼，讓比較沒有偏愛海鮮的朋友可以多些選擇。

阿雄來推薦這道－「磯雪昆布霸王捲」，裡面捲入了酥炸天使紅蝦及軟殼蟹為等食材的超大霸王捲，一捲上桌除了份量超級飽足外，鹹酥加上清甜的創意，是很多家庭來這必點的親子料理唷！

阿雄個人也滿喜歡他們家的”薑汁燒肉丼”，有機會到附近找美食的朋友可以參考看看呦！！


更多必吃美食<U+25B6><U+25B6>http://www.kh.inmap.tw/?p=12052
－－－－－－－－－－－－－－
店名：知高壽司
地址：高雄市三民區河堤路480號
電話：(07)343-4488"
419,2267,天津味早餐專賣店,"【#前鎮區】
明早的早餐可以試試這味呦！
這家是阿雄朋友推薦給阿雄的，他說這家蛋餅滿多人在買的，推薦的像是他們家的薯餅蛋餅、蔬菜蛋餅、燒肉起司蛋餅的..不過我朋友還是吃到他的玉米蛋餅...XD

大家還有覺得什麼口味的好吃呀？
-------------------------
天津味早餐專賣店
高雄市前鎮區瑞隆路333號
營業：５：３０∼１２：３０
07-751 0669"
420,1818,李嘉義火雞肉飯,"這家火雞肉飯很受當地人跟學生們的喜愛，價格合理還有套餐可選擇，白飯上的火雞肉油香氣，簡單飽足一餐，口味還不錯的啦!!

有粉絲喜歡這家嗎??

更多高雄小吃題庫→http://bit.ly/NGiiDZ
------------------------------
李嘉義火雞肉飯
地址：高雄市鹽埕區大公路25號
電話：07-5329567"
421,1232,哈瑪星旗魚丸大王,"這次粉絲特地來信推薦哈馬星代天宮魚丸店的雞肉飯，當然...
除了雞肉飯外，當然還有汕頭麵、魚丸湯、臭豆腐等等，都是來這必吃的美食吧!!

大家來這邊必吃的順序是什麼呀??
讓大家有個優先參考一下唄~~

食記參考:LISA <U+306E>Go Go Box
----------------------------
哈瑪星旗魚丸大王
地址: 高雄市鼓山區鼓波街27之7號
電話: (07)5210948"
422,2260,三集高廚餐廳,"蠻適合聚餐的三集客家菜，菜色算滿多元的啦!!

大家對這家評價如何呀~~
---------------------------------
三集高廚餐廳
地 點：高雄市鳳山區文衡路379號 
電 話：07-7777988
營業時間：11:00~14:30、17:00~21:30"
423,2068,九日串燒,"這家串燒在西子灣這邊評價還不錯啦，這次阿雄來更新一下他們的招牌菜啦，阿雄這次吃到了新菜色，像是整個很大塊的山藥明太子、學生們最愛的日式炒飯或冷麵，都是不錯的選擇哦！當然串燒也是一定要的啦！！


周末假日不妨找個時間來嚐嚐嚕！
－－－－－－－－－－－－－－
店名：九日串燒
電話：(07)531-5718
地址：高雄市鼓山區濱海一路72號(海之冰旁)"
424,2376,石記臭豆腐,"好想念呀！
這家是每次阿雄去瑞豐夜市必吃的小吃，可能北部很少有炸豆皮的吧！加上他們家的特製胡椒（感覺有加點中藥材，不嗆口又有點回甘），再配上附的泡菜和小黃瓜絲！好好食呀∼∼

知道這家？
－－－－－－－－－
石記臭豆腐 
地址：高雄市左營區瑞豐夜市第十四排 
營業日期：每週二。四。五。六。"
425,1363,林天生雞肉飯,"鳳山在中華夜市這，有一家雞肉飯，每次店面門口總是停了很多機車，用餐時間人潮很多吶!!而且他們家的價格也太親民了吧!!

阿雄不時經過都還沒吃過(都是去買涼的)，先問一下大家來買這邊都會點什麼呀??
---------------------
林天生雞肉飯(中華夜市)
地址:高雄市鳳山區中華街40號 
"
426,1961,光食堂日式餐廳,"【鼓山區】
很簡約帶有小特色的咖哩專賣店，帶有日式簡單的咖哩餐點，咖哩濃順帶有甜味，口味算滿大眾化的啦，當作商業午餐來享用算還不錯呦!!

喜歡吃咖哩的朋友可以來嘗鮮∼
---------------------------------
光食堂日式餐廳（日式咖哩）
位置：高雄市鼓山區華榮路331-1號
營業時間：11:00 - 20:30（週一公休）
電話：0963 717 513"
427,1825,悅心餐廳,"有聽過玻璃肉嗎?
吃起來像是臘肉口感帶有甜度，肥肉的部份Q彈Q彈，口感還滿蠻唰嘴的吶，醬汁也讓白飯變好吃！

店家還有賣砂鍋湯品，有人吃過嗎？

---------------------------------------
悅心餐廳 （日本砂鍋麵）
地址：高雄市民族二路44號
電話：07-2270933、2270936
營業時間： 11:00 - 14:00, 17:00 - 20:30"
428,2190,"Dor,留手工義大利麵","阿雄假日最常往駁二或是鹽埕區跑，除了來這邊散散心之外，當然還是要吃一下美食的啦~

這次介紹一下他們家（Dor,留 ）的新菜色，如果吃膩了醬汁的義大利麵，不妨可以來點上一份""清炒""的哦，配上本來就帶有點香鹹口感的墨魚麵，口味之讚的啦；或是點上一份女孩子最愛的""燻鮭魚奶油燉飯""也是不錯的選擇哦！（米心是半熟未透的口感）

大家有來試過這二道菜了嗎??

《那邊吃》
店名：Dor,留 手工義大利麵
電話：(07)521-5203
地址：高雄市鹽埕區堀江街11-2號
詳細介紹：http://www.kh.inmap.tw/?p=5279"
429,2156,翠園粵菜餐廳,"還滿多粉絲都會來信問高雄港式飲茶的資訊，這家朋友推薦的翠園粵菜餐廳有傳統推車、廣東桌菜，口味還滿受大家喜愛的，而且品質服好像也還不錯的樣子...

大家都有來吃過翠園嗎?
---------------------------
翠園粵菜餐廳(漢來大飯店)
地址：高雄市前金區成功一路266號10樓
電話：07 213 5737
正常營業時間：11:30–14:30、17:30–21:30"
430,4596,操豆腐,"【先筆記唷!】
這家好像以前是路邊攤，現在有舒適的用餐環境，臭豆腐炸的非常酥，泡菜爽口夠味，可以在搭上一碗份量多的鍋燒意麵，真的還不賴∼

吃過這家了嗎？
想了下，原來""操豆腐""是台語發音呀!!XD
-----------------------------
操豆腐
位置：高雄市三民區澄清路475號
營業時間：11:00 - 21:00（星期一公休）
聯絡電話：07 390 8288"
431,2167,豆豆營冰城美食,"炎熱天氣就是要吃冰阿，吃一碗綿密的綿綿冰，配上繽紛的新鮮水果，淋上邪惡的煉乳，還真不賴阿，店家還有自製的八寶冰，也不錯吃

入口即化的冰涼感好爽快∼
----------------------------
豆豆營冰城美食
地址：高雄市自由二路409號
電話：07 558 8796
營業時間：11:00–22:30"
432,2395,布雷克義麵坊,"超酷的....阿雄第一次吃""德國豬腳 x 義大利麵""的組合也....
豬腳外皮微微的酥脆，肉質彈Ｑ多汁，再配上義大利麵一起享用，吃起來比較不會那麼空虛呦!!阿雄個人也滿喜歡這道的

另外還有隱藏版限量的美國牛小排義大利麵，sauce也可以依自已選擇哦!! 重點是...我們有粉絲獨家價格哦!

美國冷藏牛小排義大利麵 -- (粉絲價300元)
德國豬腳義大利麵 -- (粉絲價400元)

詳細資料 → http://bit.ly/1mLLyVd

---------------------
店名：布雷克義麵坊
電話：(07) 558-7123
地址：高雄市左營區博愛二路308號"
433,2318,泰平的店,"每次看到排序很多的菜單阿雄眼睛都花了，菜色好多樣也好異國料理，有泰式、韓式等選擇，份量還蠻多的，坐上位置還會送上熱呼呼的湯品，服務還算不錯啦∼∼

算是賣很多異國風味的店家，到不到地就看有沒有符合你的口味啦！！
有空經過可以來試試
---------------------------------
泰平的店
地址：高雄市鼓山區昌盛街322號
電話：07-5543278
營業時間：11:00~14:00 16:30~20:30（每週日公休）"
434,3918,旗山老街菠蘿泡芙,"旗山不僅有香蕉蛋糕，還有好吃的菠蘿泡芙，吃完鹹的食物都會想吃個甜食做結尾，綿密的奶油，外酥的口感，大口大口咬，好過癮∼

來旗山有吃過家菠蘿泡芙嗎？
---------------------------------
旗山老街菠蘿泡芙
住址 : 高雄市旗山區中山路62號
電話 : (07)661-5006;(07)661-5206
傳真 : (07)662-1778"
435,3265,老牌周燒肉飯,"每次去鳳山就忍不住被這香味給吸進來啊！記得小高第一次帶阿雄在高雄吃燒肉飯就是這一家，每次現烤現吃的燒肉再加上一勺酸菜，最適合配白米飯啦，小碗一碗才30元，有時會點肉燥飯也才20元喔~

另外，這家的烤雞腿，真的是又油又香，喜歡他的酥香外皮，再來碗10元的味噌湯，一整個平價美味！

--------------
老牌 周燒肉飯
地址: 高雄市鳳山區五甲一路10號
電話: (07)746-3320"
436,2166,福軒花蓮扁食,"很多網友推薦的福軒花蓮扁食，阿雄終於吃到了∼口感很扎實飽滿，湯頭清爽，必點小菜是便宜夠味的豆干，好吃到每次都外帶

你們來都吃什麼口味的扁食阿，推薦一下啦∼
----------------------------------
福軒花蓮扁食
地址：高雄市苓雅區四維二路147號
電話：07 722 4890
營業時間：AM10:00~PM10:00"
437,1614,頂好燒餅專賣店,"這家擁有40年以上老店的頂好燒餅專賣店『明日早餐』，外觀雖然不太起眼，但賣著各式各樣的燒餅，都是店家手工的燒餅呀!!!

買了一個蔥肉燒餅，外皮酥脆內餡飽滿的濕潤的蔥香，好滿足呀!!

還沒吃早餐的，快去買來吃看看吧!!
-----------------------------
頂好燒餅專賣店
地址：高雄市三民區建興路294號
營業時間：6:30∼到中午"
438,1701,阿MA日式咖哩,"想帶小朋友吃咖哩飯嗎?

這家阿MA日式咖哩走的是家庭式的氛圍 
，店內的桌距也很寬敞，這邊還有12歲以下小朋友的專屬小公主套餐哦! 餐盤是HELLO KITTY，且份量是正常的一半，有嫩雞咖哩和雞塊咖哩套餐可以選擇，還有附上小碗濃湯和小杯飲料。

還滿受小朋友們的喜愛的，另外還有小王子套餐哦!!
大家可以帶小朋友來嚐看看，看HELLO KITTY會不會讓小朋友食慾大開呢!!

-------------------------------------
店名：阿MA日式咖哩
電話：(07)554-0199
地址：高雄市鼓山區文忠路163號
招牌菜：http://bit.ly/1960KKH"
439,2235,小圈圈霜淇淋,"【買１送１】
阿雄上週去買小圈圈霜淇淋來吃，吃了芒果和芋頭的口味，都不錯吃哦！但這不是今日重點∼∼

重點是老闆娘說他們一歲了，所以8/15~17號，霜淇淋通通買1送1哦！

★招牌菜：http://bit.ly/1fq1KMv
-----------------------------
店名：小圈圈霜淇淋專賣店
電話：(07)556-1340
地址：高雄市左營區至聖路267號
（捷運凹仔底站4號出口-紅線R13，延高雄銀行至聖路方向，約2-3分）"
440,1826,新堀江小師傅蔥抓餅,"來新堀江逛街都會來這裡吃阿北的蔥抓餅，加顆蛋更豐富，蔥抓餅內會有蒜泥醬，好吃夠味，經過一定都會被這香氣給吸引

來新堀江有沒有吃過這家蔥抓餅阿
-------------------------
新堀江小師傅蔥抓餅
地址：高雄市五福二路187號
電話：07-291 8826
營業時間：15:30–22:00"
441,1547,輝記當歸鴨,"下雨天都會想吃點熱呼呼的，這家當歸鴨麵線還不錯，湯頭夠濃郁，搭配拌米血份量還蠻足夠的，位在文藻學區附近，還有貼心組合餐，讓學生花百元也可吃很飽。

吃過這家總店在大社的鴨肉麵嗎？
------------------------------
輝記當歸鴨
大社總店-高雄市大社區中山路2號 (07)354-1111
文藻分店-高雄市三民區鼎中路512號 (07)342-1999"
442,2170,老牌蓮藕茶,"【先筆記....】
買完郭家肉粽後，附近的<U+83D3>菜汁也是大家很推薦的飲品哦!!
阿雄只問到<U+83D3>菜汁有加紅蘿蔔、牛奶....其他的應該是機密!!
阿雄算第一次喝，還滿好喝的呦!!

大家知道這家嗎??
-----------------------------
【老牌蓮藕茶、真響<U+83D3>菜汁】
地址:高雄市鹽埕區北斗街、新興街交叉處"
443,1960,袋袋木冰淇淋,"【#苓雅區】
這家有義式冰淇淋和霜淇淋之外，還有買滿多口味的水果塔，but~~~
今天要分享的是他們家的""乳酪""，乳酪味道算太濃厚，但綿密口感帶著乳酪香氣...銷魂呀！環境也是走木質風格...算是滿不錯的啦！！

你們來過嗎？
-------------------------
袋袋木冰淇淋<U+83D3>子製造所
地址：高雄市苓雅區青年二路36號
營業時間：PM03：00-22：00
服務專線： (07)215-3105"
444,2358,天廚河粉,"開胃酸V的越南料理，價格還蠻親民的，阿雄喜歡帶微Q的米線，配上酸V的湯頭，胃口整的大開∼

米線有粗的、細的可選擇∼
----------------------------
天廚河粉
復興店:復興一路71號. 電話: 07-2388777
興中店:興中一路391-393號. 電話: 07-3389965
營業時間：11:00 - 14:00 、 17:00 - 20:30"
445,2239,一合居,"經過很容易被一堆草盆給矇騙，殊不知是排隊店家，帶有東北口味的餐點都是手工製作，捲餅內包著撤子，皮很Q好吃，口感酥脆很順口。

有吃過這家東北口味的小館嗎？

---------------------------
一合居
地址：高雄市前鎮區民裕街47號
電話：07 535 5413
營業時間：11:30~14:00 17:00~20:00"
446,2410,貓頭鷹咖啡館,"最近阿雄發現滿多店家都有貓頭鷹的擺飾, 這家以貓頭鷹為主視覺的咖啡館，賣著早午餐、咖啡。環境裝潢的溫暖的氣息，假日不想出遠門的朋友可以來看看唷!

貓頭鷹日語發文如同不苦勞， 象徵著生意繁榮昌盛，財源廣進;也有「不老、長壽」的意思
-------------------------------
貓頭鷹咖啡館
地址：高雄市新興區忠孝一路458號1樓
聯絡電話：07 236 1002
營業時間：08:00 - 18:00"
447,1894,迪亞夢朵烘焙,"【#楠梓區】
阿雄前陣子去吃楊寶寶後，順道跑到了迪亞夢朵又吃到新點心啦，這內餡吃的到不是紅豆餡哦，而一顆顆巧克力豆的巧克力焦糖捲，外層的蛋糕是有義式咖啡的氣味呦。另一個是可可戀人派，底下是酥脆的餅乾層、上層是灑滿可可粉的提拉米蘇，冰過更好吃哦，這二款都是要先預訂才買的到。

另外還有餅乾禮盒可以嚐看看，都是用法國鐵塔鮮奶油做的哦!!有在研究烘培的朋友應該知道法國鐵塔的啦....XD

--------------------------------
店名：迪亞夢朵烘焙
電話：(07)355-8788
地址：高雄市楠梓區土庫路141號
http://www.kh.inmap.tw/?p=8857"
448,1514,月娥鴨肉店,"朋友推薦這在地的好滋味，湯麵內有很香的紅蔥頭提味，粄條香Q滑嫩，鴨肉不柴好咀嚼，滷菜也表現的不錯。

有沒有吃過這間在地的鴨肉攤阿∼

*小朋友其實很可愛的，被阿雄拍醜了...sorry!!
---------------------------
月娥鴨肉店
地址：高雄市前金區自強二路72號
聯絡電話：07 211 4602
營業時間：11:00–19:30"
449,1106,辛泰王,"朋友推薦這家平價消費的泰式料理，也很適合一個人吃，餐點很夠味開胃，自己獨享揪朋友吃都很不錯

大家喜歡這種酸辣開胃的泰式嗎∼
--------------------------
辛泰王
地址：高雄市鼓山區華泰路230號
電話：07 586 7771
營業時間：11:00 - 14:00, 16:30 - 21:00(週一店休)"
450,2473,惠眾紹興炒飯,"學區附近的炒飯專賣店，口味很獨特帶有濃郁紹興酒香味，米粒顆顆分明不油膩，還蠻開胃好吃的

有沒有人知道這校區附近美食？
----------------------------
惠眾紹興炒飯（旗山紹興炒飯）
地址：高雄市三民區昌裕街183號
電話：08 394 5040
營業時間：AM10:00~PM02:00、PM04:00~PM08:30"
451,2731,界揚早點,"網友推薦這熱河街的古早味麵糊蛋餅，煎成方形再摺疊切割，份量還蠻大的∼九層塔很夠味，一份可以飽到中午∼不油膩<U+54DF>！

喜歡古早味蛋餅的朋友，可以來嘗鮮∼
----------------------------
界揚早點
地址：高雄市三民區熱河一街87號
電話：(07) 31354690916683158
營業時間：早餐時段"
452,1993,鼎記烙餅,"【#前鎮區】
鼎記烙餅!! 這家除了烙餅外，最特別的就是""爆汁""的豬肉餡餅，豬肉餡多數都用瘦肉，湯汁不油不膩; 而且店家的麵糰都是自已純手工桿的，吃的到麵糰香呢..偷偷和你們說，還有韭菜盒、蔥油餅都不錯吃哦~~

明天去買來吃看看，晚來就買不到嚕!!

------------------------------------
鼎記烙餅
營業時間:一至六 15:00--1830(賣完為止)
地址:高雄市前鎮區漁港東一路
電話:(07)791-6704、0929117259"
453,1831,味津排骨大王,"【#三民區】
這家滿古早味的【味津排骨大王】，他們家的白飯+肉汁+酸菜...好簡單的組合!!他們家的炸雞腿看起來真的好吸引人呀...

聽說辣椒醬油拌飯也很讚...有人試過吧?
大家來這邊都會點什麼呀??


-------------------
味津排骨大王
地址： 高雄市三民區中庸街57號"
454,2200,永富冰品,"這家台北下來開店的〞永富冰品〞是粉絲推薦的哦!!
他們在台北西門町好像已經開業70多年了，
就是我們小時常吃的把逋冰啦...

3球賣35元，價格還算不貴啦!!

大家已經有人吃過了嗎??

--------------------
永富冰品
高雄市新興區林森一路1號(新田路口)
07 261 1907"
455,3970,雜糧煎餅包脆餅,"【#苓雅市場】
在苓雅市場外看的雜糧煎餅攤，一份才賣25元，老闆說這是來自山東的餅，薄餅裡面加雜糧在加脆餅，裡面有特製的甜麵醬料增加香氣，口味很特別唷!!

建議大家當下先咬幾口，感受一下酥脆度!!
這個阿雄還鮮少看到，有機會去買來嚐嚐看唷!!!
------------------------------
雜糧煎餅包脆餅
地址：高雄市自強三路1314號
電話：0936-2717620
營業時間l：07：00∼10：30  14：30∼19：00"
456,6120,鄧家粉圓黃家粉圓冰,"前陣子新聞報導說，台北的東區粉圓冰一碗漲到了70元，但是....高雄的粉圓冰一碗只要10元，像是黃家或是鄧家粉圓冰，賣的價格都是相當便宜的啦!!!

這二家都各有支持者，就看你喜歡那一家嚕!!

-----------------------
黃家粉圓冰
地址： 高雄市三民區自立一路85巷45號

鄧家粉圓
地址： 高雄市三民區立德街1巷2號"
457,3780,美迪亞漢堡,"【#新興區】
聽朋友說來這裡必點鍋燒意麵，濃郁湯頭都自家熬煮，湯頭夠濃郁好好，還有四隻蝦子，還蠻鮮的<U+54DF>∼

來這裡不吃早餐，來吃鍋燒意麵
---------------------
美迪亞漢堡
地址：高雄市新興區六合二路124號
電話：07 286 2900
營業時間：05:00am~09:00pm"
